<?xml version="1.0" encoding="UTF-8" ?>
<!DOCTYPE mapper PUBLIC "-//mybatis.org//DTD Mapper 3.0//EN" "http://mybatis.org/dtd/mybatis-3-mapper.dtd">

<mapper namespace="com.aia.glory.contestservice.dao.ContestCriteriaDao">    
         
     <resultMap type="com.aia.glory.contestservice.model.ContestCriteriaModel" id="ContestCriteriaMap">
			<result column="CONTESTCRITERIASEQ"          property="contestCriteriaSeq"    />
			<result column="CONTESTMASTERSEQ"            property="contestMasterSeq"      />
			<result column="PROCESSINGUNITSEQ"           property="processingUnitSeq"     />
			<result column="BUSINESSUNITSEQ"             property="businessUnitSeq"       />
			<result column="BRANCHSEQ"                   property="branchSeq"             />
			<result column="LOCATIONSEQ"                 property="locationSeq"           />
			<result column="CRITERIA_CODE"               property="criteriaCode"          />
			<result column="CRITERIA_DESCRIPTION"        property="criteriaDescription"   />
			<result column="CRITERIA_DATA"               property="criteriaStr"           />
			<result column="SUMMARY_TYPE_ITEM"           property="summaryTypeItem"       />
    </resultMap>
    
    <sql id="contestCriteriaCondition">
		FROM CE_CONTEST_CRITERIA CC
		left join CE_BUSINESSUNIT CB on cb.BUSINESSUNITSEQ = CC.BUSINESSUNITSEQ
		left join CE_PROCESSINGUNIT CP on cp.PROCESSINGUNITSEQ = CC.PROCESSINGUNITSEQ
		WHERE 1=1
		<if test="contestCriteriaSeq !=null and contestCriteriaSeq != ''">
			AND CC.CONTESTCRITERIASEQ =#{contestCriteriaSeq}
		</if>
		<if test="processingUnitSeq !=null and processingUnitSeq != ''">
			AND CC.PROCESSINGUNITSEQ = (SELECT PROCESSINGUNITSEQ FROM CE_PROCESSINGUNIT WHERE [NAME]=#{processingUnitSeq})
		</if>
		<if test="businessUnitSeq !=null and businessUnitSeq != ''">
			AND CC.BUSINESSUNITSEQ = (SELECT BUSINESSUNITSEQ From CE_BUSINESSUNIT WHERE [NAME]=#{businessUnitSeq})
		</if>
		<if test="criteriaCode !=null and criteriaCode != ''">
			AND CC.CRITERIA_CODE LIKE CONCAT('%', #{criteriaCode},'%')
		</if>
		<if test="criteriaDescription !=null and criteriaDescription != ''">
			AND CC.CRITERIA_DESCRIPTION LIKE CONCAT('%', #{criteriaDescription},'%')		
		</if>	
		
    </sql>  
     
    <select id="selectContestCriteria" parameterType="com.aia.glory.model.request.ContestCriteriaRequest" resultMap="ContestCriteriaMap">
			SELECT TOP ${pageSize}
			CONT.*
			FROM 
			   (SELECT ROW_NUMBER() OVER( ORDER BY CC.CONTESTCRITERIASEQ) AS RowNumber, 
					CC.CONTESTCRITERIASEQ,
						   
					--CC.PROCESSINGUNITSEQ,	   
					--CC.BUSINESSUNITSEQ,	
					CP.NAME AS PROCESSINGUNITSEQ,
					CB.NAME AS BUSINESSUNITSEQ, 
					   
					CC.BRANCHSEQ,			   
					CC.LOCATIONSEQ,		   
					CC.CRITERIA_CODE,		   
					CC.CRITERIA_DESCRIPTION,		   
					CC.CRITERIA_DATA,   
					CC.SUMMARY_TYPE_ITEM		   
				<include refid="contestCriteriaCondition">
				</include>
				) AS CONT
			WHERE CONT.RowNumber > (${pageSize}*(${startPage}-1)) 
    </select>
        
    <select id="selectContestCriteriaTotal" parameterType="com.aia.glory.model.request.ContestCriteriaRequest" resultType="java.lang.Integer">
			SELECT COUNT(1)
			<include refid="contestCriteriaCondition">
			</include>
    </select>
    
    <insert id="insertContestCriteria" parameterType="com.aia.glory.contestservice.model.ContestCriteriaModel">
        INSERT INTO CE_CONTEST_CRITERIA(   
			PROCESSINGUNITSEQ,   
			BUSINESSUNITSEQ,     
			BRANCHSEQ,           
			LOCATIONSEQ,         
			CRITERIA_CODE,       
			CRITERIA_DESCRIPTION,
			CRITERIA_DATA,
			SUMMARY_TYPE_ITEM,
			EXECUTOR   
        	)
        VALUES
          (   
          (SELECT PROCESSINGUNITSEQ FROM CE_PROCESSINGUNIT WHERE [NAME]=#{processingUnitSeq}),
          (SELECT BUSINESSUNITSEQ From CE_BUSINESSUNIT WHERE [NAME]=#{businessUnitSeq}),
          
          #{branchSeq},
          #{locationSeq},
          #{criteriaCode},
          #{criteriaDescription},
          #{criteriaStr},
          #{summaryTypeItem},
          #{executor}
		  )		  
		<selectKey keyProperty="contestCriteriaSeq" order="AFTER" resultType="java.lang.String">
            SELECT @@IDENTITY
        </selectKey>  
    </insert>
       
   <update id="updateContestCriteria" parameterType="com.aia.glory.contestservice.model.ContestCriteriaModel">
    	UPDATE CE_CONTEST_CRITERIA
    	<set>
    		<if test="processingUnitSeq !=null">
    			PROCESSINGUNITSEQ=(SELECT PROCESSINGUNITSEQ FROM CE_PROCESSINGUNIT WHERE [NAME]=#{processingUnitSeq}),
    		</if> 		
    		<if test="businessUnitSeq !=null and businessUnitSeq !='' ">
    			BUSINESSUNITSEQ=(SELECT BUSINESSUNITSEQ From CE_BUSINESSUNIT WHERE [NAME]=#{businessUnitSeq}),
    		</if>    		
        	<if test="branchSeq !=null">
    			BRANCHSEQ=#{branchSeq},
    		</if>    		
        	<if test="locationSeq !=null">
    			LOCATIONSEQ=#{locationSeq},
    		</if> 
        	<if test="criteriaCode !=null">
    			CRITERIA_CODE=#{criteriaCode},
    		</if> 
        	<if test="criteriaDescription !=null">
    			CRITERIA_DESCRIPTION=#{criteriaDescription},
    		</if> 
        	<if test="criteriaStr !=null">
    			CRITERIA_DATA=#{criteriaStr},
    		</if> 
        	<if test="summaryTypeItem !=null">
    			SUMMARY_TYPE_ITEM=#{summaryTypeItem}
    		</if>   
        	<if test="executor !=null">
    			EXECUTOR=#{executor}
    		</if>    		 		    		    		    		    				
    	</set>
    	WHERE CONTESTCRITERIASEQ=#{contestCriteriaSeq}
    </update>
      
    <update id="updateRule">
    	UPDATE CE_RULE
    	<set>
    		<if test="executor !=null">
    			EXECUTOR=#{executor},
    		</if>  		    		    		    		    				
    	</set>
    	WHERE CONTENT=#{criteriaCode}
    </update>
      
</mapper>