<?xml version="1.0" encoding="UTF-8" ?>
<!DOCTYPE mapper PUBLIC "-//mybatis.org//DTD Mapper 3.0//EN" "http://mybatis.org/dtd/mybatis-3-mapper.dtd">

<mapper namespace="com.aia.glory.contestservice.dao.ContestMasterDao">    
         
     <resultMap type="com.aia.glory.contestservice.model.ContestMasterModel" id="ContestMasterMap">
		<result column="CONTESTMASTERSEQ"       property="contestMasterSeq"    />
		<result column="CONTESTCRITERIASEQ"	    property="contestCriteriaSeq"  />
		<result column="PROCESSINGUNITSEQ"	    property="processingUnitSeq"   />
		<result column="BUSINESSUNITSEQ"	    property="businessUnitSeq"     />
		<result column="BRANCHSEQ"			    property="branchSeq"           />
		<result column="LOCATIONSEQ"		    property="locationSeq"         />
		<result column="CONTEST_CODE"		    property="contestCode"         />
		<result column="CONTEST_NAME"		    property="contestName"         />
		<result column="CONTEST_DESCRIPTION"    property="contestDescription"  />
		<result column="START_DATE"			    property="startDate"           />
		<result column="END_DATE"			    property="endDate"             />
		<result column="CALCULATION_FREQUENCY"	property="calculationFrequency"/>
		<result column="MEASUREMENT"			property="measurement"         />
		<result column="DEPOSIT"			    property="deposit"             />
		<result column="ACTIVE"			        property="active"             />
    </resultMap>
    
    <sql id="contestMasterCondition">
		FROM CE_CONTEST_MASTER CT
		left join CE_BUSINESSUNIT CB on cb.BUSINESSUNITSEQ = CT.BUSINESSUNITSEQ
		left join CE_PROCESSINGUNIT CP on cp.PROCESSINGUNITSEQ = CT.PROCESSINGUNITSEQ
		WHERE 1=1
		<if test="processingUnitSeq !=null and processingUnitSeq != ''">
			AND CT.PROCESSINGUNITSEQ = (SELECT PROCESSINGUNITSEQ FROM CE_PROCESSINGUNIT WHERE [NAME]=#{processingUnitSeq})
		</if>
		<if test="businessUnitSeq !=null and businessUnitSeq != ''">
			AND CT.BUSINESSUNITSEQ = (SELECT BUSINESSUNITSEQ From CE_BUSINESSUNIT WHERE [NAME]=#{businessUnitSeq})
		</if>
		<if test="contestMasterSeq !=null and contestMasterSeq != ''">
			AND CT.CONTESTMASTERSEQ =#{contestMasterSeq}
		</if>
		<if test="contestCode !=null and contestCode != ''">
			AND CT.CONTEST_CODE LIKE CONCAT('%', #{contestCode},'%')
		</if>
		<if test="contestName !=null and contestName != ''">
			AND CT.CONTEST_NAME LIKE CONCAT('%', #{contestName},'%')
		</if>
		<if test="contestDescription !=null and contestDescription != ''">
			AND CT.CONTEST_DESCRIPTION LIKE CONCAT('%', #{contestDescription},'%')
		</if>
		<if test="startDate !=null and startDate != ''">
			AND CT.START_DATE =#{startDate}
		</if>		
		<if test="endDate !=null and endDate != ''">
			AND CT.END_DATE =#{endDate}
		</if>
		<if test="active !=null and active != ''">
			AND CT.ACTIVE =#{active}
		</if>		
    </sql>  
     
    <select id="selectContestMaster" parameterType="com.aia.glory.model.request.ContestMasterRequest" resultMap="ContestMasterMap">
			SELECT TOP ${pageSize}
			CONT.*
			FROM 
			   (SELECT ROW_NUMBER() OVER( ORDER BY CT.CONTESTMASTERSEQ) AS RowNumber, 
				    CT.CONTESTMASTERSEQ, 
				         
					CT.CONTESTCRITERIASEQ,	   
					--CT.PROCESSINGUNITSEQ,	   
					--CT.BUSINESSUNITSEQ,	
					CP.NAME AS PROCESSINGUNITSEQ,
					CB.NAME AS BUSINESSUNITSEQ, 
					   
					CT.BRANCHSEQ,			   
					CT.LOCATIONSEQ,		   
					CT.CONTEST_CODE,		   
					CT.CONTEST_NAME,		   
					CT.CONTEST_DESCRIPTION,   
					CT.START_DATE,			   
					CT.END_DATE,			   
					CT.CALCULATION_FREQUENCY,	
					CT.MEASUREMENT,			
					CT.DEPOSIT,
					CT.ACTIVE
				<include refid="contestMasterCondition">
				</include>
				) AS CONT
			WHERE CONT.RowNumber > (${pageSize}*(${startPage}-1)) 
    </select>
        
    <select id="selectContestMasterTotal" parameterType="com.aia.glory.model.request.ContestMasterRequest" resultType="java.lang.Integer">
			SELECT COUNT(1)
			<include refid="contestMasterCondition">
			</include>
    </select>
    
    <insert id="insertContestMaster" parameterType="com.aia.glory.contestservice.model.ContestMasterModel">
        INSERT INTO CE_CONTEST_MASTER(
			CONTESTCRITERIASEQ,	   
			PROCESSINGUNITSEQ,	   
			BUSINESSUNITSEQ,	   
			BRANCHSEQ,			   
			LOCATIONSEQ,		   
			CONTEST_CODE,		   
			CONTEST_NAME,		   
			CONTEST_DESCRIPTION,   
			START_DATE,			   
			END_DATE,			   
			CALCULATION_FREQUENCY,	
			MEASUREMENT,			
			DEPOSIT,
			ACTIVE
        	)
        VALUES
          (
          #{contestCriteriaSeq},
          
          (SELECT PROCESSINGUNITSEQ FROM CE_PROCESSINGUNIT WHERE [NAME]=#{processingUnitSeq}),
          (SELECT BUSINESSUNITSEQ From CE_BUSINESSUNIT WHERE [NAME]=#{businessUnitSeq}),
          
          #{branchSeq},
          #{locationSeq},
          #{contestCode},
          #{contestName},
          #{contestDescription},
          #{startDate},
		  #{endDate},
		  #{calculationFrequency},
		  #{measurement},
		  #{deposit},
		  #{active}
		  )
		  
		<selectKey keyProperty="contestMasterSeq" order="AFTER" resultType="java.lang.String">
            SELECT @@IDENTITY
        </selectKey>  
    </insert>
    
   <update id="updateContestMaster" parameterType="com.aia.glory.contestservice.model.ContestMasterModel">
    	UPDATE CE_CONTEST_MASTER
    	<set>
    		<if test="contestCriteriaSeq !=null">
    			CONTESTCRITERIASEQ=#{contestCriteriaSeq},
    		</if>
    		<if test="processingUnitSeq !=null">
    			PROCESSINGUNITSEQ=(SELECT PROCESSINGUNITSEQ FROM CE_PROCESSINGUNIT WHERE [NAME]=#{processingUnitSeq}),
    		</if> 		
    		<if test="businessUnitSeq !=null">
    			BUSINESSUNITSEQ=(SELECT BUSINESSUNITSEQ From CE_BUSINESSUNIT WHERE [NAME]=#{businessUnitSeq}),
    		</if>
    		<if test="branchSeq !=null">
    			BRANCHSEQ=#{branchSeq},
    		</if>  		
    		<if test="locationSeq !=null">
    			LOCATIONSEQ=#{locationSeq},
    		</if>    		
    		 <if test="contestCode !=null">
    			CONTEST_CODE=#{contestCode},
    		</if>   		
    		<if test="contestName !=null">
    			CONTEST_NAME=#{contestName},
    		</if>		
    		<if test="contestDescription !=null">
    			CONTEST_DESCRIPTION=#{contestDescription},
    		</if>
     		<if test="startDate !=null">
    			START_DATE=#{startDate},
    		</if>   		
    		<if test="endDate !=null">
    			END_DATE=#{endDate},
    		</if>
    		 <if test="calculationFrequency !=null">
    			CALCULATION_FREQUENCY=#{calculationFrequency},
    		</if>
    		<if test="measurement !=null">
    			MEASUREMENT=#{measurement},
    		</if>    		
     		<if test="deposit !=null">
    			DEPOSIT=#{deposit},
    		</if>
      		<if test="active !=null">
    			ACTIVE=#{active}
    		</if>   		
    	</set>
    	WHERE CONTESTMASTERSEQ=#{contestMasterSeq}
    </update>
    
     <insert id="insertRuleGroup" parameterType="com.aia.glory.contestservice.model.ContestMasterModel">
        INSERT INTO RULE_GROUP_TABLE(   
	      NAME,
	      DESCRIPTION,
	      COMPANY,
	      CHANNEL,
	      FREQUENCY,
	      PAYMENTFLAG,
	      ACTIVE,
	      SUMMARYTYPE,
	      EFFECTEDSTARTDATE,
	      EFFECTEDENDDATE,
	      CREATEDATE,
	      PERIODTYPE,
	      PERIODINDEX,
	      HOLDFLAG,
	      RULE_TYPE 
        	)
        VALUES
          (   
          CONCAT('CONTEST_', #{contestCode}),
          CONCAT('CONTEST_', #{contestCode}),
          #{processingUnitSeq},
          #{businessUnitSeq},
          #{calculationFrequency},
          'N',
          #{active},
          'WRI_AGENCY',
          #{startDate},
          #{endDate},
          GETDATE(),
          'MONTHLY',
          '0',
          '0',
          'CONTEST_SUMMARY'
		  )		  
		<selectKey keyProperty="measurement" order="AFTER" resultType="java.lang.String">
            SELECT @@IDENTITY
        </selectKey> 
    </insert>  
    
    <update id="updateRuleGroup" parameterType="com.aia.glory.contestservice.model.ContestMasterModel">
    	UPDATE RULE_GROUP_TABLE
    	<set>
    	     <if test="contestCode !=null">
    			NAME=CONCAT('CONTEST_', #{contestCode}),
    		</if>
    		<if test="contestCode !=null">
    			DESCRIPTION=CONCAT('CONTEST_', #{contestCode}),
    		</if>
    	    <if test="processingUnitSeq !=null">
    			COMPANY=#{processingUnitSeq},
    		</if> 
    		<if test="businessUnitSeq !=null">
    			CHANNEL=#{businessUnitSeq},
    		</if>
    		<if test="calculationFrequency !=null">
    			FREQUENCY=#{calculationFrequency},
    		</if> 	
    		<if test="active !=null">
    			ACTIVE=#{active},
    		</if> 	   		
    		<if test="startDate !=null">
    			EFFECTEDSTARTDATE=#{startDate},
    		</if>
    		<if test="endDate !=null">
    			EFFECTEDENDDATE=#{endDate},
    		</if>	    		    		    				
    	</set>
    	WHERE RULE_GROUP_ID=#{measurement}
    </update>
    
    <insert id="insertRule">
        INSERT INTO CE_RULE(   
	      ITEM_NO,
	      CONTENT,
	      EXE_SQL,
	      COMPARISON_CODE,
	      COMPARISON_VALUE,
	      BASELINE,
	      RESULT,
	      PRIORITY,
	      CONTINUE_FLAG,
	      EXECUTOR,
	      ENABLE_FLAG,
	      EFFECTIVESTARTDATE,
	      EFFECTIVEENDDATE,
	      ISLAST,
	      CREATEDATE,
	      REMOVEDATE,
	      RULE_TYPE,
	      PARAM_NAME  
        	)
        VALUES
          (   
          #{contestCode},
          (SELECT CRITERIA_CODE FROM CE_CONTEST_CRITERIA WHERE CONTESTCRITERIASEQ = #{contestCriteriaSeq}),
          'select count(1) from CE_DIMENSION where NAME =''WRI_AGENCY''',
          '1',
          '==',
          '1',
          'PASSED',
          '100',
          '1',
          (SELECT EXECUTOR FROM CE_CONTEST_CRITERIA WHERE CONTESTCRITERIASEQ = #{contestCriteriaSeq}),
          <choose>
             <when test="active != null and active =='Y'.toString()">
                '1',
              </when>
              <otherwise>
                '0',
              </otherwise>
          </choose>
          '1900-01-01 00:00:00.000',
          '2200-01-01 00:00:00.000',
          '1',
          GETDATE(),
          '2200-01-01 00:00:00.000',
          'CONTEST_SUMMARY',
          CONCAT('CONTEST_', #{contestCode})
		  )		   
    </insert>
    
     <delete id="deleteRule">
        DELETE FROM CE_RULE WHERE ITEM_NO=(SELECT CONTEST_CODE FROM CE_CONTEST_MASTER WHERE CONTESTMASTERSEQ = #{contestMasterSeq})
    </delete>
    
    <update id="updateRule">
    	UPDATE CE_RULE
    	<set>
    	    <if test="contestCriteriaSeq !=null">
    			EXECUTOR=(SELECT EXECUTOR FROM CE_CONTEST_CRITERIA WHERE CONTESTCRITERIASEQ = #{contestCriteriaSeq}),
    		</if> 
    		<if test="contestCriteriaSeq !=null">
    			CONTENT=(SELECT CRITERIA_CODE FROM CE_CONTEST_CRITERIA WHERE CONTESTCRITERIASEQ = #{contestCriteriaSeq}),
    		</if>
    		<if test="contestCode !=null">
    			PARAM_NAME=CONCAT('CONTEST_', #{contestCode}),
    		</if> 	
	    	<choose>
	             <when test="active != null and active =='Y'.toString()">
	                ENABLE_FLAG='1',
	              </when>
	              <otherwise>
	                ENABLE_FLAG='0',
	              </otherwise>
	        </choose>   		    		    		    				
    	</set>
    	WHERE ITEM_NO=(SELECT CONTEST_CODE FROM CE_CONTEST_MASTER WHERE CONTESTMASTERSEQ = #{contestMasterSeq})
    </update>
</mapper>