<?xml version="1.0" encoding="UTF-8" ?>
<!DOCTYPE mapper PUBLIC "-//mybatis.org//DTD Mapper 3.0//EN" "http://mybatis.org/dtd/mybatis-3-mapper.dtd">
 
<mapper namespace="com.aia.glory.onlineservice.dao.RuleGroupDao">
 
    <resultMap type="com.aia.glory.common.model.rule.RuleGroupModel" id="BaseResultMap">
        <result column="RULE_GROUP_ID" property="ruleGroupModelId"  />
        <result column="NAME" property="name"  />
        <result column="DESCRIPTION" property="description"  />
        <result column="COMPANY" property="company"  />
        <result column="CHANNEL" property="channel"  />
        <result column="FREQUENCY" property="frequency"  />
        <result column="PAYMENTFLAG" property="paymentFlag"  />
        <result column="ACTIVE" property="activeFlag"  />
        <result column="EFFECTEDSTARTDATE" property="effectedStartDate"  />
        <result column="EFFECTEDENDDATE" property="effectedEndDate" />
        <result column="SUMMARYTYPE" property="summaryType" />
        <result column="PERIODTYPE" property="periodType" />
        <result column="PERIODINDEX" property="periodIndex" />
        <result column="HOLDFLAG" property="holdFlag" />
    </resultMap>
    
    <select id="selectRuleGroup" parameterType="com.aia.glory.model.request.GetRuleGroupRequest" resultMap="BaseResultMap">
	SELECT 
	<if test="pageSize > 0 ">
		TOP ${pageSize} 
	</if>
	RowNumber,RULE_GROUP_ID,NAME,DESCRIPTION,COMPANY,CHANNEL,FREQUENCY,PAYMENTFLAG,ACTIVE,SUMMARYTYPE,EFFECTEDSTARTDATE,EFFECTEDENDDATE,PERIODTYPE,PERIODINDEX,HOLDFLAG 
	FROM 
	(SELECT ROW_NUMBER() OVER( ORDER BY RULE_GROUP_ID) AS RowNumber, * FROM RULE_GROUP_TABLE)AS A
	WHERE RowNumber > (${pageSize}*(${startPage}-1)) 
	<if test="name != null and name != ''">
        AND A.NAME like CONCAT(#{name},'%')
    </if>
    <if test="company!=null and company != ''">
       AND A.COMPANY = #{company} 
    </if>
    <if test="channel!=null and channel != ''">
        AND A.CHANNEL=#{channel}
    </if>
	 <if test="paymentFlag!=null and paymentFlag != ''">
        AND A.PAYMENTFLAG=#{paymentFlag}
    </if>
     <if test="frequency!=null and frequency != ''">
        AND A.FREQUENCY=#{frequency}
    </if>
     <if test="description!=null and description != ''">
        AND A.DESCRIPTION like CONCAT(#{description},'%')
    </if>
     <if test="ruleGroupModelId!=null and ruleGroupModelId != ''">
        AND A.RULE_GROUP_ID=#{ruleGroupModelId}
    </if>
     <if test="summaryType!=null and summaryType!= ''">
        AND A.SUMMARYTYPE=#{summaryType}
    </if>
     <if test="activeFlag!=null and activeFlag!= ''">
        AND A.ACTIVE=#{activeFlag}
    </if>
    </select>
</mapper>