<?xml version="1.0" encoding="UTF-8" ?>
<!DOCTYPE mapper PUBLIC "-//mybatis.org//DTD Mapper 3.0//EN" "http://mybatis.org/dtd/mybatis-3-mapper.dtd">
 
<mapper namespace="com.aia.glory.userservice.dao.UserDao">
 	
    <resultMap type="com.aia.glory.userservice.model.User" id="UserMap">
        <result column="loginId" property="loginId"  />
        <result column="username" property="username"  />
       	<result column="remark" property="remark"  />
       	<result column="enabled" property="enabled"  />
       	<result column="email" property="email"  />
       	
        <collection property="rolelist" ofType="com.aia.glory.userservice.model.Role">
		  <id column="roleId" property="roleId"/>
		  <id column="roleRemark" property="remark"/>
		  <id column="ROLENAME" property="roleName"/>
		  <id column="AUTHORITY" property="authority"/>
	    </collection>
    </resultMap>
    
    <resultMap type="com.aia.glory.userservice.model.Role" id="RoleSummaryMap">
        <result column="loginId" property="loginId"  />
        <result column="username" property="username"  />
       	<result column="remark" property="remark"  />
       	<result column="enabled" property="enabled"  />
       	<result column="email" property="email"  />
       	
        <collection property="rolelist" ofType="com.aia.glory.userservice.model.User">
		  <id column="roleId" property="roleId"/>
		  <id column="roleRemark" property="remark"/>
		  <id column="ROLENAME" property="roleName"/>
		  <id column="AUTHORITY" property="authority"/>
	    </collection>
    </resultMap>
    
	
	
	
    
</mapper>