<?xml version="1.0" encoding="UTF-8"?>
<configuration status="WARN" monitorInterval="1800">
    <Properties>
        <!-- ${web:rootDir} -->
         <property name="basePath">C://log//test</property>
		<!-- console parttern -->
        <property name="console_log_pattern">%d{yyyyMMdd HH:mm:ss.SSS} [%9t] %-5p (%c:%L) - %m%n</property>
        <!-- log pattern -->
        <property name="log_pattern">%d{yyyyMMdd HH:mm:ss.SSS} [%9t] %-5p (%c:%L) - %m%n</property>

        <property name="every_file_size">20MB</property>
        <!-- logger level -->
        <property name="output_log_level">DEBUG</property>

        <property name="debug_fileName">${basePath}/glory_batch_debug.log</property>
        <property name="debug_filePattern">%d{yyyy-MM}/glory_batch_debug-%d{yyyy-MM-dd}-%i.log.gz</property>
        <property name="debug_max">10</property>

        <property name="error_fileName">${basePath}/glory_batch_error.log</property>
        <property name="error_filePattern">%d{yyyy-MM}/glory_batch_error-%d{yyyy-MM-dd}-%i.log.gz</property>
        <property name="error_max">10</property>
		<!-- console log level -->
        <property name="console_print_level">DEBUG</property>

    </Properties>

    <appenders>
        <Console name="Console" target="SYSTEM_OUT">
            <ThresholdFilter level="${console_print_level}" onMatch="ACCEPT" onMismatch="DENY"/>
            <PatternLayout pattern="${console_log_pattern}"/>
        </Console>

        <RollingFile name="DebugFile" fileName="${debug_fileName}" filePattern="${debug_filePattern}">
            <PatternLayout pattern="${log_pattern}"/>
            <SizeBasedTriggeringPolicy size="${every_file_size}"/>
            <DefaultRolloverStrategy max="${debug_max}" />
            <Filters>
                <ThresholdFilter level="DEBUG" onMatch="ACCEPT" onMismatch="DENY"/>
            </Filters>
        </RollingFile>

        <RollingFile name="ErrorFile" fileName="${error_fileName}" filePattern="${error_filePattern}">
            <PatternLayout pattern="${log_pattern}"/>
            <SizeBasedTriggeringPolicy size="${every_file_size}"/>
            <DefaultRolloverStrategy max="${error_max}" />
            <Filters>
                <ThresholdFilter level="FATAL" onMatch="ACCEPT" onMismatch="NEUTRAL"/>
                <ThresholdFilter level="ERROR" onMatch="ACCEPT" onMismatch="DENY"/>
            </Filters>
        </RollingFile>
    </appenders>

    <loggers>
        <logger name="sysDebug" level="${output_log_level}" additivity="false">
            <appender-ref ref="DebugFile"/>
        </logger>
        <logger name="sysError" level="${output_log_level}" additivity="false">
            <appender-ref ref="ErrorFile"/>
        </logger>
        <root level="${output_log_level}">
            <appender-ref ref="Console"/>
        </root>
    </loggers>
</configuration>
