<?xml version="1.0" encoding="UTF-8" ?>
<!DOCTYPE mapper PUBLIC "-//mybatis.org//DTD Mapper 3.0//EN" "http://mybatis.org/dtd/mybatis-3-mapper.dtd">
 
<mapper namespace="com.aia.glory.pipelineservice.mapper.RuleGroupMapper">
 
    <resultMap type="com.aia.glory.common.model.rule.RuleGroupModel" id="selectRuleGroup">
        <result column="RULE_GROUP_ID" property="ruleGroupModelId"  />
        <result column="NAME" property="name"  />
        <result column="DESCRIPTION" property="description"  />
        <result column="COMPANY" property="company"  />
        <result column="CHANNEL" property="channel"  />
        <result column="FREQUENCY" property="frequency"  />
        <result column="PAYMENTFLAG" property="paymentFlag"  />
        <result column="EFFECTEDSTARTDATE" property="effectedStartDate"  />
        <result column="EFFECTEDENDDATE" property="effectedEndDate" />
        <result column="PERIODTYPE" property="periodType"  />
        <result column="PERIODINDEX" property="periodIndex" />
    </resultMap>
    
    <select id="selectRuleGroup" parameterType="java.lang.Integer" resultMap="selectRuleGroup">
	SELECT  
	RULE_GROUP_ID,NAME,DESCRIPTION,COMPANY,CHANNEL,FREQUENCY,PAYMENTFLAG,EFFECTEDSTARTDATE,EFFECTEDENDDATE,PERIODTYPE,PERIODINDEX
	FROM 
	RULE_GROUP_TABLE
	WHERE 1=1
	<if test="ruleGroupName != null and ruleGroupName != ''">
        AND NAME=#{ruleGroupName}
    </if>
   	<if test="company != null and company != ''">
        AND COMPANY=#{company}
    </if>
    <if test="channel != null and channel != ''">
        AND CHANNEL=#{channel}
    </if>
    <if test="summaryType != null and summaryType != ''">
        AND SUMMARYTYPE=#{summaryType}
    </if>
    </select>
</mapper>