{
	"agent_get-Required": {
		"agentCode": "A01110"
	},
	"agent_token_get-Required": {
		"userId": "A01110",
		"password": "password",
		"disableOtherToken" : "1",
		"idNo": ""
	},
	"agent_token_disable-Required": {
		"userId": "A01110"
	},
	"agent_agree_license_save": {
	  "agentCode": "B00165",
	  "agreeLicense":"1"
	},
	"agent_license_check-Required": {
		"agentCode": "A01110",
		"password": "password",
		"loginTo": "Glory",
		"platform": "Web"
	},
	"agent_nationality_get-Required": {
		"agentCode": "A01110"
	},
	"contact_province_get-Required": {
		"name": "Serei Saophoan",
		"code": "106"
	},
	"contact_district_get-Required": {
		"name": "Serei Saophoan",
		"code": "106"
	},
	"contact_commune_get-Required": {
		"name": "Serei Saophoan",
		"code": "106"
	},
	"contact_village_get-Required": {
		"name": "Kampong Svay",
		"code": "10602"
	},
	"agent_business_get-Required": {
		"agentCode": "A01110"
	},
	"agent_juvenile_business_get-Required": {
		"age": "12"
	},
	"agent_occupation_get-Required": {
		"name": "Zoo",
		"code": "626"
	},
	"agent_insurance_company_list-Required": {
		"agentCode": "A01110"
	},
	"agent_insurance_company_plan_type_list-Required": {
		"agentCode": "A01110"
	},
	"agent_contact_name_list-Required": {
    "agentCode": "A01110",
    "contactId": "0D332DEC-4436-4816-B079-874303A9992F-1557715202.520089",
    "applicationId": "AB332DEC-4436-4816-B079-874303A9992F-1557715202.780089"
	},
	"contact_list-Required": {
		"agentCode": "A01110"
	},
	"contact_basic_information_prepare-Required": {
		"agentCode": "A01110",
		"contactId": "0D332DEC-4436-4816-B079-874303A9992F-1557715202.520089"
	},
	"contact_basic_information_save-Required": {
		"agentCode": "A01110",
		"contactId": "0D332DEC-4436-4816-B079-874303A9992F-1557715202.520089",
		"title": "",
		"name": "HelloWorld",
		"dob": "13/05/2001",
		"gender": "FEMALE",
		"portrait": "0",
		"hasPortrait": "0",
		"mobilePrimary": {
			"countryCode": "855",
			"areaCode": "18",
			"number": "1234567"
		},
		"mobileSecondary": {
			"countryCode": "855",
			"areaCode": "17",
			"number": "123456"
		},
		"refSource": "Sales Team - BM",
		"refName": "",
		"email": "a@aa.com",
		"faceBook": "",
		"leadsType": "",
		"remark": "",
		"completedStatus": "0"
	},
	"contact_detailed_information_navigator_prepare-Required": {
		"contactId": "0D332DEC-4436-4816-B079-874303A9992F-1557715202.520089"
	},
	"contact_detailed_information_detailed_information_prepare-Required": {
		"contactId": "0D332DEC-4436-4816-B079-874303A9992F-1557715202.520089"
	},
	"contact_detailed_information_detailed_information_save-Required": {
		"contactId": "0D332DEC-4436-4816-B079-874303A9992F-1557715202.520089",
		"idNo": "900000000",
		"passportNo": "",
		"birthCertificateNo": "",
		"expiryDate": "24/05/2021",
		"smoker": "NO",
		"maritalStatus": "Married",
		"nationality": {
			"name": "Cambodia",
			"code": "855"
		},
		"nationslityOther": "",
		"taxPayerId": "",
		"resident": {
			"name": "Cambodia",
			"code": "855"
		},
		"completedStatus": "0"
	},
	"contact_detailed_information_residential_address_prepare-Required": {
		"contactId": "0D332DEC-4436-4816-B079-874303A9992F-1557715202.520089",
		"applicationId": ""
	},
	"contact_detailed_information_residential_address_save-Required": {
		"contactId": "0D332DEC-4436-4816-B079-874303A9992F-1557715202.520089",
		"applicationId": "AB332DEC-4436-4816-B079-874303A9992F-1557715202.780089",
		"isMailingAddress": "YES",
		"country": {
			"name": "Cambodia",
			"code": "855"
		},
		"province": {
			"name": "Serei Saophoan",
			"code": "106"
		},
		"provinceOthers": "",
		"district": {
			"name": "Serei Saophoan",
			"code": "106"
		},
		"districtOthers": "",
		"commune": {
			"name": "Kampong Svay",
			"code": "10602"
		},
		"village": {
			"name": "Kampong Svay",
			"code": "1060201"
		},
		"streetName": "Op",
		"houseNo": "Ui",
    "completedStatus": "0",
    "residentialCompletedStatus":"0",
    "officeCompletedStatus":"0"
	},
	"contact_detailed_information_employment_information_prepare-Required": {
		"contactId": "0D332DEC-4436-4816-B079-874303A9992F-1557715202.520089"
	},
	"contact_detailed_information_employment_information_save-Required": {
		"contactId": "0D332DEC-4436-4816-B079-874303A9992F-1557715202.520089",
		"employerName": "Ui",
		"natureOfBusiness": {
			"name": "Zoo",
			"code": "626"
		},
		"occupation": {
			"name": "Zoo - Cleaner",
			"code": "1091"
		},
		"exactDuties": "",
		"annualEarnedIncome": "50,001-100,000",
		"completedStatus": "0"
	},
	"contact_detailed_information_office_address_prepare-Required": {
		"contactId": "0D332DEC-4436-4816-B079-874303A9992F-1557715202.520089",
		"applicationId": "AB332DEC-4436-4816-B079-874303A9992F-1557715202.780089"
	},
	"contact_detailed_information_office_address_save-Required": {
		"contactd": "0D332DEC-4436-4816-B079-874303A9992F-1557715202.520089",
		"isMailingAddress": "NO",
		"phoneOffice": {
			"countryCode": "855",
			"areaCode": "89",
			"number": "9000999"
		},
		"country": {
			"name": "Cambodia",
			"code": "855"
		},
		"province": {
			"name": "Serei Saophoan",
			"code": "106"
		},
		"provinceOthers": "",
		"district": {
			"name": "Serei Saophoan",
			"code": "106"
		},
		"districtOthers": "",
		"commune": {
			"name": "Kampong Svay",
			"code": "10602"
		},
		"village": {
			"name": "Kampong Svay",
			"code": "1060201"
		},
		"streetName": "Op",
		"officeNo": "Ui",
    "completedStatus": "0",
    "residentialCompletedStatus":"0",
    "officeCompletedStatus":"0"
	},
	"contact_other_information_navigator_prepare-Required": {
		"contactId": "0D332DEC-4436-4816-B079-874303A9992F-1557715202.520089"
	},
	"contact_other_information_spouse_prepare-Required": {
		"contactId": "0D332DEC-4436-4816-B079-874303A9992F-1557715202.520089",
		"applicationId": ""
	},
	"contact_other_information_spouse_save-Required": {
		"contactId": "0D332DEC-4436-4816-B079-874303A9992F-1557715202.520089",
		"title": "",
		"name": {
			"name": "Alex Guo",
			"contactId": "0D332DEC-4436-4816-B079-874303A9992F-1557715202.111101"
		},
		"dob": "13/05/2001",
		"age": "18",
		"gender": "FEMALE",
		"smoker": "NO",
		"idNo": 900000000,
		"passportNo": "",
		"birthCertificateNo": "",
		"maritalStatus": "Married",
		"expiryDate": "24/05/2021",
		"taxPayerID": "",
		"nationality": {
			"name": "Cambodia",
			"code": "855"
		},
		"nationalityOther": "",
		"resident": {
			"name": "",
			"code": ""
		},
		"mobilePrimary": {
			"phoneTypeCode": "1001",
			"countryCode": "855",
			"areaCode": "18",
			"number": "1234567"
		},
		"mobileSecondary": {
			"phoneTypeCode": "1002",
			"countryCode": "855",
			"areaCode": "17",
			"number": "123456"
		},
		"email": "a@aa.com",
		"faceBook": "",
		"natureOfBusiness": {
			"name": "Zoo",
			"code": "626"
		},
		"occupation": {
			"name": "Zoo - Cleaner",
			"code": "1091"
		},
		"annualEarnedIncome": "50,001-100,000",
		"completedStatus": "0"
	},
	"contact_other_information_dependent_list-Required": {
		"contactId": "0D332DEC-4436-4816-B079-874303A9992F-1557715202.520089",
		"applicationId": "AB332DEC-4436-4816-B079-874303A9992F-1557715202.780089"
	},
	"contact_other_information_dependent_prepare-Required": {
		"contactId": "0D332DEC-4436-4816-B079-874303A9992F-1557715202.520089",
		"dependentId": "BBBBBBBB-4436-4816-B079-874303A9992F-1557715202.520089",
		"applicationId": "AB332DEC-4436-4816-B079-874303A9992F-1557715202.780089"
	},
	"contact_other_information_dependent_save-Required": {
		"contactId": "0D332DEC-4436-4816-B079-874303A9992F-1557715202.520089",
		"dependentId": "BBBBBBBB-4436-4816-B079-874303A9992F-1557715202.520089",
		"applicationId": "AB332DEC-4436-4816-B079-874303A9992F-1557715202.780089",
		"name": {
			"name": "Alex Guo",
			"contactId": "0D332DEC-4436-4816-B079-874303A9992F-1557715202.111101"
		},
		"dob": "13/05/2001",
		"gender": "FEMALE",
		"idNo": "900000000",
		"passportNo": "",
		"birthCertificateNo": "",
		"expiryDate": "24/05/2021",
		"relationship": "Child",
		"relationshipOthers": "",
		"hobby": "",
		"yearstoSupport": "4",
		"natureOfBusiness": {
			"name": "",
			"code": ""
		},
		"occupation": {
			"name": "",
			"code": ""
		},
		"completedStatus": "0"
	},
	"contact_other_information_dependent_delete-Required": {
		"dependentId": "BBBBBBBB-4436-4816-B079-874303A9992F-1557715202.520089"
	},
	"contact_other_information_insurance_list-Required": {
		"contactId": "0D332DEC-4436-4816-B079-874303A9992F-1557715202.520089",
		"applicationId": "AB332DEC-4436-4816-B079-874303A9992F-1557715202.780089"
	},
	"contact_other_information_insurance_prepare-Required": {
		"contactId": "0D332DEC-4436-4816-B079-874303A9992F-1557715202.520089",
		"otherInsuranceId": "DD443322-4436-4816-B079-874303A9992F-1557715202.520089",
		"applicationId": "AB332DEC-4436-4816-B079-874303A9992F-1557715202.780089"
	},
	"contact_other_information_insurance_save-Required": {
		"contactId": "0D332DEC-4436-4816-B079-874303A9992F-1557715202.520089",
		"otherInsuranceId": "DD443322-4436-4816-B079-874303A9992F-1557715202.520089",
		"applicationId": "AB332DEC-4436-4816-B079-874303A9992F-1557715202.780089",
		"companyInsurance": {
			"name": "BIMA",
			"code": "601"
		},
		"planType": "Life",
		"sumAssured": "2119",
		"yearIssued": "2018",
		"completedStatus": "0"
	},
	"contact_other_information_insurance_delete-Required": {
		"otherInsuranceId": "DD443322-4436-4816-B079-874303A9992F-1557715202.520089"
	},
	"contact_other_information_financial_prepare-Required": {
		"contactId": "0D332DEC-4436-4816-B079-874303A9992F-1557715202.520089",
		"applicationId": "AB332DEC-4436-4816-B079-874303A9992F-1557715202.780089"
	},
	"contact_other_information_financial_save-Required": {
		"contactId": "0D332DEC-4436-4816-B079-874303A9992F-1557715202.520089",
		"applicationId": "AB332DEC-4436-4816-B079-874303A9992F-1557715202.780089",
		"assetsLiabilities": {
			"assets": [
				{
					"assets": "fixedAssets",
					"client": "1233455",
					"spouse": "9234"
				},
				{
					"assets": "savings",
					"client": "1234",
					"spouse": "0"
				},
				{
					"assets": "otherFunds",
					"client": "0",
					"spouse": "0"
				},
				{
					"assets": "others",
					"client": "0",
					"spouse": "0"
				}
			],
			"totalAssetsA": {
				"client": "1233455",
				"spouse": "10468"
			},
			"liabilities": [
				{
					"assets": "loans",
					"client": "9999",
					"spouse": "98"
				},
				{
					"assets": "others",
					"client": "67",
					"spouse": "12"
				}
			],
			"totalAssetsB": {
				"client": "10066",
				"spouse": "110"
			},
			"netAsset": {
				"client": "1223389",
				"spouse": "10358"
			}
		},
		"earningExpenditures": {
			"income": [
				{
					"income": "employment",
					"client": "456",
					"spouse": "455"
				},
				{
					"income": "business",
					"client": "1256",
					"spouse": "0"
				},
				{
					"income": "rental",
					"client": "33",
					"spouse": "22"
				},
				{
					"income": "others",
					"client": "0",
					"spouse": "0"
				}
			],
			"incomeSubTotal": {
				"client": "1745",
				"spouse": "477"
			},
			"incomeCombinedTotal": 2222,
			"expenses": [
				{
					"expenses": "loan",
					"client": "12",
					"spouse": "0"
				},
				{
					"expenses": "household",
					"client": "0",
					"spouse": "23"
				},
				{
					"expenses": "parental",
					"client": "1256",
					"spouse": "22"
				},
				{
					"expenses": "regular",
					"client": "1256",
					"spouse": "0"
				},
				{
					"expenses": "insurance",
					"client": "1256",
					"spouse": "22"
				},
				{
					"expenses": "others",
					"client": "0",
					"spouse": "0"
				}
			],
			"expensesSubTotal": {
				"client": "12",
				"spouse": "23"
			},
			"expensesCombinedTotal": "35"
		},
		"surplus": {
			"monthlyClient": "200",
			"monthlySpouse": "100",
			"combinedTotal": "300"
		},
		"completedStatus": "0"
	},
	"contact_other_information_priorities_prepare-Required": {
		"contactId": "0D332DEC-4436-4816-B079-874303A9992F-1557715202.520089",
		"applicationId": "AB332DEC-4436-4816-B079-874303A9992F-1557715202.780089"
	},
	"contact_other_information_priorities_save-Required": {
		"contactId": "0D332DEC-4436-4816-B079-874303A9992F-1557715202.520089",
		"applicationId": "AB332DEC-4436-4816-B079-874303A9992F-1557715202.780089",
		"sequence": [
			{
				"index": "1",
				"item": "UNFULFILLED RETIREMENT"
			},
			{
				"index": "2",
				"item": "UNEXPECTED DEPARTURE"
			},
			{
				"index": "3",
				"item": "CHILDREN'S FUTURE"
			},
			{
				"index": "4",
				"item": "WEALTH ACCUMULATION"
			},
			{
				"index": "5",
				"item": "PHYSICALLY DISABLED"
			}
		],
		"budget": [
			{
				"who": "client",
				"monthly": "56",
				"annualy": "700"
			},
			{
				"who": "spouse",
				"monthly": "10",
				"annualy": "120"
			}
		],
		"completedStatus": "0"
	},
	"contact_delete-Required": {
		"type":"contact",
		"contactId": "0D332DEC-4436-4816-B079-874303A9992F-1557715202.520089"
	},
	"contact_navigator_prepare-Required": {
		"agentCode": "A01110",
		"contactId": "0D332DEC-4436-4816-B079-874303A9992F-1557715202.520089"
	},
	"agent_portrait_save-Required": {
		"agentCode": "A01110",
		"fileId": "38400000-8cf0-11bd-b23e-10b96e4ef00d",
		"completedStatus": "0"
	},
	"contact_search-Required": {
		"agentCode": "A01110",
		"contactNameLike": "bre"
	},
	"contact_email_send-Required": {
		"agentCode": "A01110",
		"contactId": "0D332DEC-4436-4816-B079-874303A9992F-1557715202.520089",
		"to": ["kevin-q.song@aia.com"],
		"cc": ["brett-k.song@aia.com", "sunny-xn.sun@aia.com"],
		"subject": "Quotation Form",
		"content":"the agent has some information for the customer"
	},
	"quotation_email_send-Required": {
		"quotationId": "0D332DEC-4436-4816-B079-874303A9992F-1557715202.520089",
		"to": ["kevin-q.song@aia.com"],
		"cc": ["brett-k.song@aia.com", "sunny-xn.sun@aia.com"],
		"subject": "Quotation Form",
		"dated": "01-08-2019"
	},
	"application_eapplication_document_email_send-Required": {
		"agentCode": "A01110",
		"emailType": "application_document",
		"applicationId": "AB332DEC-4436-4816-B079-874303A9992F-1557715202.780089",
		"emailList": [
			{
				"email": "a@a.com",
				"emailId": "12345678-4436-4816-B079-874303A9992F-1557715202.780089"
			}
		]
	},
	"quotation_list-Required": {
		"agentCode": "A01110",
		"contactId": "0D332DEC-4436-4816-B079-874303A9992F-1557715202.520089"
	},
	"quotation_search-Required": {
		"agentCode": "A01110",
		"contactNameLike": "bre",
		"quotationStatus": "Draft"
	},
	"quotation_payor_insured_information_navigator_prepare-Required": {
		"agentCode": "A01110",
		"contactId": "0D332DEC-4436-4816-B079-874303A9992F-1557715202.520089",
		"quotationId": "AD332DEC-4436-4816-B079-874303A9992F-1557715202.520089"
	},
	"quotation_payor_information_prepare-Required": {
		"agentCode": "A01110",
		"contactId": "0D332DEC-4436-4816-B079-874303A9992F-1557715202.520089",
		"quotationId": "AD332DEC-4436-4816-B079-874303A9992F-1557715202.520089"
	},
	"quotation_payor_information_save-Required": {
		"agentCode": "A01110",
		"contactId": "0D332DEC-4436-4816-B079-874303A9992F-1557715202.520089",
		"quotationId": "AD332DEC-4436-4816-B079-874303A9992F-1557715202.520089",
		"name": "Brett S.",
		"dob": "13/05/2001",
		"gender": "MALE",
		"smoker": "NO",
		"natureOfBusiness": {
			"name": "Zoo",
			"code": "626"
		},
		"occupation": {
			"name": "Zoo - Guide",
			"code": "1092"
		},
		"exactDuties": "",
		"completedStatus": "0"
	},
	"quotation_insured_information_prepare-Required": {
		"agentCode": "A01110",
		"contactId": "0D332DEC-4436-4816-B079-874303A9992F-1557715202.520089",
		"insuredId": "0D332DEC-4436-4816-B079-874303A9992F-1557715202.520089",
		"quotationId": "AD332DEC-4436-4816-B079-874303A9992F-1557715202.520089"
	},
	"quotation_insured_information_save-Required": {
		"contactId": "0D332DEC-4436-4816-B079-874303A9992F-1557715202.520089",
		"quotationId": "AD332DEC-4436-4816-B079-874303A9992F-1557715202.520089",
		"insuredId": "0D332DEC-4436-4816-B079-874303A9992F-1557715202.520089",
		"sameInsuredPayor": "1",
		"name": "Brett S.",
		"dob": "13/05/2001",
		"age": "18",
		"gender": "MALE",
		"smoker": "NO",
		"natureOfBusiness": {
			"name": "Zoo",
			"code": "626"
		},
		"occupation": {
			"name": "Zoo - Annimal Handler",
			"code": "1090"
		},
		"exactDuties": "",
		"completedStatus": "0"
	},
	"quotation_plan_prepare-Required": {
		"agentCode": "A01110",
		"quotationId": "AD332DEC-4436-4816-B079-874303A9992F-1557715202.520089"
	},
	"quotation_plan_save-Required": {
		"quotationId": "AD332DEC-4436-4816-B079-874303A9992F-1557715202.520089",
		"planId": "plan.a.basic",
		"isSelected": " 1",
		"completedStatus": "1"
	},
	"quotation_product_details_prepare-Required": {
		"agentCode": "A01110",
		"quotationId": "AD332DEC-4436-4816-B079-874303A9992F-1557715202.520089"
	},
	"quotation_product_details_save-Required": {
		"quotationId": "AD332DEC-4436-4816-B079-874303A9992F-1557715202.520089",
		"paymentMode": {
			"name": "SEMI-ANNUALLY",
			"code": "02"
		},
		"returnPremium": {
			"name": "Money Back",
			"code": "2"
		},
		"policyTerm": {
			"name": "25 years",
			"code": "25"
		},
		"premiumTerm": {
			"name": "15 years",
			"code": "15"
		},
		"clientType": "Normal",
		"leadType": "SMARTO",
		"plans": [
			{
				"basicPlan": {
					"id": "plan.a.basic",
					"sumAssured": "5,000.00",
					"loading": "50",
					"period": "5",
					"flatLoading": "5",
					"flatPeriod": "5"
				},
				"optionalPlan": [
					{
						"id": "rider.universal.life.tpd",
						"isSelected": "1",
						"sumAssured": "12,345.00",
						"loading": "60",
						"period": "8",
						"flatLoading": "9",
						"flatPeriod": "5"
					},
					{
						"id": "rider.universal.life.add",
						"isSelected": "0",
						"sumAssured": "0",
						"loading": "0",
						"period": "0",
						"flatLoading": "0",
						"flatPeriod": "0"
					},
					{
						"id": "rider.universal.life.ci",
						"isSelected": "0",
						"sumAssured": "0",
						"loading": "0",
						"period": "0",
						"flatLoading": "0",
						"flatPeriod": "0"
					},
					{
						"id": "rider.universal.life.wp",
						"isSelected": "0",
						"sumAssured": "0",
						"loading": "0",
						"period": "0",
						"flatLoading": "0",
						"flatPeriod": "0"
					},
					{
						"id": "rider.universal.life.pb",
						"isSelected": "1",
						"sumAssured": "0",
						"loading": "12",
						"period": "24",
						"flatLoading": "5",
						"flatPeriod": "9"
					}
				]
			}
		],
		"recommendation": "",
		"quotation_calculated":"1",
		"completedStatus": "0"
	},
	"quotation_generate-Required": {
		"quotationId": "AD332DEC-4436-4816-B079-874303A9992F-1557715202.520089",
		"paymentMode": "ANNUALLY",
		"returnPremium": "Money Back",
		"policyTerm": "20 years",
		"premiumTerm": "15 years ",
		"clientType": "Normal",
		"leadType": "SMARTO",
		"plans": [
			{
				"familyCareBebefit": {
					"name": "Family Care Bebefit",
					"sumAssured": "5000",
					"loading": "10",
					"period": "15",
					"flatLoading": "90",
					"flatPeriod": "5"
				},
				"rehabilitationBenefit": {
					"isSelected": 1,
					"name": "Rehabilitation Benefit",
					"sumAssured": "5000",
					"loading": "10",
					"period": "15",
					"flatLoading": "80",
					"flatPeriod": "5"
				},
				"accidentBenefitBooster": {
					"isSelected": "1",
					"name": "Accident Benefit Booster",
					"sumAssured": "24000",
					"loading": "10",
					"period": "8",
					"flatLoading": "10",
					"flatPeriod": "4"
				},
				"criticalIllnessBenefit": {
					"isSelected": "0",
					"name": "Critical Illness Benefit",
					"sumAssured": "0",
					"loading": "0",
					"period": "0",
					"flatLoading": "0",
					"flatPeriod": "0"
				},
				"waiverofPremiumBenefit": {
					"isSelected": "0",
					"name": "Waiver of Premium Benefit",
					"sumAssured": "0",
					"loading": "0",
					"period": "0",
					"flatLoading": "0",
					"flatPeriod": "0"
				},
				"payorBenefit": {
					"isSelected": "0",
					"name": "Payor Benefit",
					"sumAssured": "0",
					"loading": "0",
					"period": "0",
					"flatLoading": "0",
					"flatPeriod": "0"
				}
			}
		]
	},
	"quotation_delete-Required": {
		"quotationId": "AD332DEC-4436-4816-B079-874303A9992F-1557715202.520089"
	},
	"quotation_navigator_prepare-Required": {
		"agentCode": "A01110",
		"quotationId": "AD332DEC-4436-4816-B079-874303A9992F-1557715202.520089"
	},
	"application_list-Required": {
		"agentCode": "A01110",
		"contactId": "0D332DEC-4436-4816-B079-874303A9992F-1557715202.520089"
	},
	"application_search-Required": {
		"agentCode": "A01110",
		"contactNameLike": "ins",
		"applicationStatus": "All",
		"contactId": "0D332DEC-4436-4816-B079-874303A9992F-1557715202.520089"
	},
	"application_quotation_prepare-Required": {
		"agentCode": "A01110",
		"quotationId": "00332DEC-4436-4816-B079-874303A9992F-1557715202.770012",
		"applicationId": "AB332DEC-4436-4816-B079-874303A9992F-1557715202.780089",
		"contactId": "0D332DEC-4436-4816-B079-874303A9992F-1557715202.520089"
  },
	"application_quotation_save-Required": {
		"agentCode": "A01110",
		"applicationId": "AB332DEC-4436-4816-B079-874303A9992F-1557715202.780089",
		"contactId": "0D332DEC-4436-4816-B079-874303A9992F-1557715202.520089",
		"quotationId": "22332DEC-4436-4816-B079-874303A9992F-1557715202.520089",
		"completedStatus": "0"
	},
	"application_quotation_search-Required": {
		"agentCode": "A01110",
		"contactNameLike": "aa",
		"contactId": "0D332DEC-4436-4816-B079-874303A9992F-1557715202.520089",
		"currentPageApplicationId": "AD332DEC-4436-4816-B079-874303A9992F-1557715202.520089"
	},
	"application_navigator_prepare-Required": {
		"agentCode": "A01110",
		"quotationId": "00332DEC-4436-4816-B079-874303A9992F-1557715202.770012",
		"applicationId": "AB332DEC-4436-4816-B079-874303A9992F-1557715202.780089"
	},
	"application_cff_navigator_prepare-Required": {
		"applicationId": "AB332DEC-4436-4816-B079-874303A9992F-1557715202.780089"
	},
	"application_cff_important_notice_prepare-Required": {
		"applicationId": "AB332DEC-4436-4816-B079-874303A9992F-1557715202.780089"
	},
	"application_cff_important_notice_save-Required": {
		"applicationId": "AB332DEC-4436-4816-B079-874303A9992F-1557715202.780089",
		"hasProvided": "1",
		"hasShown": "1",
		"completedStatus": "0"
	},
	"application_cff_policy_owner_navigator_prepare-Required": {
		"applicationId": "AB332DEC-4436-4816-B079-874303A9992F-1557715202.780089"
	},
	"application_cff_policy_owner_detailed_information_prepare-Required": {
		"applicationId": "AB332DEC-4436-4816-B079-874303A9992F-1557715202.780089",
		"type":"cff"
	},
	"application_cff_policy_owner_detailed_information_save-Required": {
		"applicationId": "AB332DEC-4436-4816-B079-874303A9992F-1557715202.780089",
		"type":"e-application",
		"name": "HelloWorld",
		"dob": "13/05/2001",
		"age": "18",
		"gender": "FEMALE",
		"smoker": "NO",
		"idNo": "900000000",
		"passportNo": "",
		"birthCertificateNo": "",
		"maritalStatus": "Married",
		"expiryDate": "24/05/2021",
		"relationship": "Self",
		"relationshipList": [
			"Self"
		],
		"nationality": {
			"name": "Cambodia",
			"code": "855"
		},
		"nationslityOther": "",
		"taxPayerId": "",
		"resident": {
			"name": "Cambodia",
			"code": "855"
		},
		"mobilePrimary": {
			"countryCode": "855",
			"areaCode": "18",
			"number": "1234567"
		},
		"mobileSecondary": {
			"countryCode": "855",
			"areaCode": "17",
			"number": "123456"
		},
		"email": "a@aa.com",
		"faceBook": "",
		"completedStatus": "0"
	},
	"application_cff_policy_owner_employment_information_prepare-Required": {
		"applicationId": "AB332DEC-4436-4816-B079-874303A9992F-1557715202.780089",
		"type":"e-application"
	},
	"application_cff_policy_owner_employment_information_save-Required": {
		"applicationId": "AB332DEC-4436-4816-B079-874303A9992F-1557715202.780089",
		"type":"cff",
		"natureOfOccupation": "Student",
		"employerName": "Ui",
		"natureOfBusiness": {
			"name": "Zoo",
			"code": "626"
		},
		"occupation": {
			"name": "Zoo Keeper",
			"code": "1093"
		},
		"exactDuties": "",
		"annualEarnedIncome": "50,001-100,000",
		"expectedPayment": {
			"list": [
				{
					"code": "300001",
					"value": "1"
				},
				{
					"code": "300002",
					"value": "1"
				},
				{
					"code": "300003",
					"value": "1"
				},
				{
					"code": "300004",
					"value": "1"
				},
				{
					"code": "300005",
					"value": "1"
				},
				{
					"code": "300006",
					"value": "1"
				},
				{
					"code": "300007",
					"value": "1"
				},
				{
					"code": "300008",
					"value": "0"
				},
				{
					"code": "300009",
					"value": "0"
				}
			],
			"othersDescription": ""
		},
		"completedStatus": "0"
	},
	"application_eapplication_navigator_prepare-Required": {
		"applicationId": "AB332DEC-4436-4816-B079-874303A9992F-1557715202.780089"
	},
	"application_eapplication_flexible_plan_proposed_insured_navigator_prepare-Required": {
		"applicationId": "AB332DEC-4436-4816-B079-874303A9992F-1557715202.780089"
	},
	"application_eapplication_contingent_owner_prepare-Required": {
		"applicationId": "AB332DEC-4436-4816-B079-874303A9992F-1557715202.780089"
	},
	"application_eapplication_contingent_owner_save-Required": {
		"applicationId": "AB332DEC-4436-4816-B079-874303A9992F-1557715202.780089",
		"name": {
			"name": "baby",
			"contactId": "0D332DEC-4436-4816-B079-874303A9992F-1557715202.111101"
		},
		"idNo": "900000000",
		"passportNo": "",
		"birthCertificateNo": "",
		"expiryDate": "24/05/2021",
		"relationship": "Brother",
		"gender": "MALE",
		"dob": "13/05/2004",
		"age": "18",
		"completedStatus": "0"
	},
	"application_eapplication_health_questions_navigator_prepare-Required": {
		"applicationId": "AB332DEC-4436-4816-B079-874303A9992F-1557715202.780089"
	},
	"application_eapplication_health_questions_prepare-Required": {
		"applicationId": "AB332DEC-4436-4816-B079-874303A9992F-1557715202.780089",
		"item": "PROPOSED INSURED"
	},
	"application_eapplication_health_questions_save-Required": {
		"applicationId": "AB332DEC-4436-4816-B079-874303A9992F-1557715202.780089",
		"planId": "plan.a.basic",
		"item": "PROPOSED INSURED",
		"list": [
			{
				"option": "172",
				"remark": "62",
				"questionId": "basicPlan.1.2"
			},
			{
				"option": "",
				"remark": "",
				"questionId": "basicPlan.1.3"
			},
			{
				"option": "YES",
				"remark": "5",
				"questionId": "basicPlan.1.5"
			},
			{
				"option": "YES",
				"remark": "",
				"questionId": "basicPlan.1.6"
			},
			{
				"option": "YES",
				"remark": "wine",
				"questionId": "basicPlan.1.7"
			},
			{
				"option": "NO",
				"remark": "",
				"questionId": "basicPlan.1.8"
			},
			{
				"option": "",
				"remark": "",
				"questionId": "basicPlan.1.9"
			}
		],
		"completedStatus": "0"
	},
	"application_eapplication_beneficiaries_list-Required": {
		"applicationId": "AB332DEC-4436-4816-B079-874303A9992F-1557715202.780089"
	},
	"application_eapplication_beneficiaries_prepare-Required": {
		"applicationId": "AB332DEC-4436-4816-B079-874303A9992F-1557715202.780089",
		"beneficiaryId": "12345678-4436-4816-B079-874303A9992F-1557715202.780089"
	},
	"application_eapplication_beneficiaries_save-Required": {
		"applicationId": "AB332DEC-4436-4816-B079-874303A9992F-1557715202.780089",
		"beneficiaryId": "12345678-4436-4816-B079-874303A9992F-1557715202.780089",
		"beneficiaryContactId": "0D332DEC-4436-4816-B079-874303A9992F-1557715202.520089",
		"name": "HelloWorld",
		"dob": "29/05/1989",
		"age": "18",
		"gender": "FEMALE",
		"idNo": "900000000",
		"passportNo": "",
		"expiryDate": "24/05/2021",
		"checked": "0",
		"birthCertificateNo": "",
		"relationship": "Child",
		"address": "street",
		"share": "100",
		"completedStatus": "1"
	},
	"application_eapplication_beneficiaries_delete-Required": {
		"applicationId": "AB332DEC-4436-4816-B079-874303A9992F-1557715202.780089",
		"beneficiaryId": "12345678-4436-4816-B079-874303A9992F-1557715202.780089"
	},
	"application_eapplication_other_insurance_list-Required": {
		"applicationId": "AB332DEC-4436-4816-B079-874303A9992F-1557715202.780089"
	},
	
	"application_eapplication_other_insurance_proposed_prepare":{
		"applicationId":"AB332DEC-4436-4816-B079-874303A9992F-1557715202.780089",
		"otherInsuranceId": "DD443322-4436-4816-B079-874303A9992F-1557715202.520089"
	},
	"application_eapplication_other_insurance_proposed_save":{
		"applicationId": "AB332DEC-4436-4816-B079-874303A9992F-1557715202.780089",
		"otherInsuranceId": "DD443322-4436-4816-B079-874303A9992F-1557715202.520089",
		"insuranceCompany": {
			"name": "BIMA",
			"code": "601"
		},
		"planType": "Life",
		"sumAssured": "1908.10",
		"yearIssued": "2018",
		"completedStatus": "0"
	},
	"application_eapplication_other_insurance_delete":{
		"otherInsuranceId": "DD443322-4436-4816-B079-874303A9992F-1557715202.520089"
	},
	"application_eapplication_other_insurance_relationship_prepare-Required": {
		"applicationId": "AB332DEC-4436-4816-B079-874303A9992F-1557715202.780089",
		"otherInsuranceId": "DD443322-4436-4816-B079-874303A9992F-1557715202.520089"
	},
	"application_eapplication_other_insurance_relationship_save-Required": {
		"applicationId": "AB332DEC-4436-4816-B079-874303A9992F-1557715202.780089",
		"otherInsuranceId": "DD443322-4436-4816-B079-874303A9992F-1557715202.520089",
		"relationship": "Applicant Owner",
		"age": "27",
		"gender": "MALE",
		"insuranceCompany": {
			"name": "BIMA",
			"code": "601"
		},
		"planType": "Life",
		"sumAssured": "1908.10",
		"yearIssued": "2018",
		"completedStatus": "1"
	},
	"application_eapplication_payment_method_prepare-Required": {
		"applicationId": "AB332DEC-4436-4816-B079-874303A9992F-1557715202.780089"
	},
	"application_eapplication_payment_method_save-Required": {
		"applicationId": "AB332DEC-4436-4816-B079-874303A9992F-1557715202.780089",
		"payment": "SmartLuy",
		"completedStatus": "0"
	},
	"application_eapplication_direct_credit_prepare-Required": {
		"applicationId": "AB332DEC-4436-4816-B079-874303A9992F-1557715202.780089"
	},
	"application_eapplication_direct_credit_save-Required": {
		"applicationId": "AB332DEC-4436-4816-B079-874303A9992F-1557715202.780089",
		"maintainedWith": "WING",
		"bankAccountNumber": "1234567890",
		"completedStatus": "0"
	},
	"application_eapplication_important_notice_prepare-Required": {
		"applicationId": "AB332DEC-4436-4816-B079-874303A9992F-1557715202.780089"
	},
	"application_eapplication_important_notice_save-Required": {
		"applicationId": "AB332DEC-4436-4816-B079-874303A9992F-1557715202.780089",
		"agree": "1",
		"completedStatus": "0"
	},
	"application_eapplication_declarations_prepare-Required": {
		"applicationId": "AB332DEC-4436-4816-B079-874303A9992F-1557715202.780089"
	},
	"application_eapplication_declarations_save-Required": {
		"applicationId": "AB332DEC-4436-4816-B079-874303A9992F-1557715202.780089",
		"agree": "1",
		"completedStatus": "0"
	},
	"application_eapplication_authorization_prepare-Required": {
		"applicationId": "AB332DEC-4436-4816-B079-874303A9992F-1557715202.780089"
	},
	"application_eapplication_authorization_save-Required": {
		"applicationId": "AB332DEC-4436-4816-B079-874303A9992F-1557715202.780089",
		"agree": "1",
		"completedStatus": "0"
	},
	"application_eapplication_advisor_declaration_prepare-Required": {
		"applicationId": "AB332DEC-4436-4816-B079-874303A9992F-1557715202.780089"
	},
	"application_eapplication_advisor_declaration_save-Required": {
		"applicationId": "AB332DEC-4436-4816-B079-874303A9992F-1557715202.780089",
		"agree": "1",
		"completedStatus": "1"
	},
	"application_eapplication_plan_special_applicant_navigator_prepare-Required": {
		"applicationId": "AB332DEC-4436-4816-B079-874303A9992F-1557715202.780089"
	},
	"application_eapplication_applicant_detailed_information_prepare-Required": {
		"applicationId": "AB332DEC-4436-4816-B079-874303A9992F-1557715202.780089"
	},
	"application_eapplication_applicant_address_information_prepare":{
      "applicationId": "AB332DEC-4436-4816-B079-874303A9992F-1557715202.780089"
	},
	"application_eapplication_applicant_detailed_information_save-Required": {
		"applicationId": "AB332DEC-4436-4816-B079-874303A9992F-1557715202.780089",
		"name": "HelloWorld",
		"dob": "13/05/2001",
		"age": "18",
		"gender": "FEMALE",
		"idNo": "900000000",
		"passportNo": "",
		"birthCertificateNo": "",
		"expiryDate": "24/05/2021",
		"maritalStatus": "Married",
		"nationality": {
			"name": "Cambodia",
			"code": "855"
		},
		"nationalityOther": "",
		"mobilePrimary": {
			"countryCode": "855",
			"areaCode": "18",
			"number": "1234567"
		},
		"mobileSecondary": {
			"countryCode": "855",
			"areaCode": "17",
			"number": "123456"
		},
		"email": "a@aa.com",
		"faceBook": "",
		"natureOfBusiness": {
			"name": "Zoo",
			"code": "626"
		},
		"occupation": {
			"name": "Zoo Keeper",
			"code": "1093"
		},
		"exactDuties": "",
		"completedStatus": "0"
	},
	"application_eapplication_applicant_address_information_prepare-Required": {
		"agentCode":"sunny",
		"contactId":"84098487-08a9-4d7f-bd5e-9e3f965a00a9",
		"applicationId":"1aef39f9-c69a-4319-abb5-4ba81ed4f6f1",
		"type":"e-application"
	},
	"application_eapplication_add_email_prepare-Required": {
		"applicationId": "AB332DEC-4436-4816-B079-874303A9992F-1557715202.780089",
		"emailType": "application_document",
		"emailId": "12345678-4436-4816-B079-874303A9992F-1557715202.780089"
	},
	"application_eapplication_add_email_save-Required": {
		"applicationId": "AB332DEC-4436-4816-B079-874303A9992F-1557715202.780089",
		"emailType": "application_document",
		"emailId": "12345678-4436-4816-B079-874303A9992F-1557715202.780089",
		"emailAddress": "a@a.com",
		"remarks": "private email address",
		"completedStatus": "0"
	},
	"application_eapplication_add_email_delete-Required": {
		"emailId": "12345678-4436-4816-B079-874303A9992F-1557715202.780089"
	},
	"application_eapplication_document_prepare-Required": {
		"applicationId": "AB332DEC-4436-4816-B079-874303A9992F-1557715202.780089"
	},
	"application_eapplication_document_capture_prepare-Required": {
		"token": "123456789=+"
	},
	"application_eapplication_document_capture_save-Required": {
		"token": "123456789=+",
		"fileId": "AAAAAAAA-BBBB-1212-3434",
		"imageCode": "P10201",
		"completedStatus": "0"
	},
	"application_eapplication_applicant_e_sign_prepare-Required": {
		"applicationId": "AB332DEC-4436-4816-B079-874303A9992F-1557715202.780089"
	},
	"application_eapplication_applicant_e_sign_save-Required": {
		"applicationId": "AB332DEC-4436-4816-B079-874303A9992F-1557715202.780089",
		"signat": "Battambang",
		"othersDescription": "",
		"list": [
			{
				"formName": "Customer Fact Finding Form",
				"status": "VIEWED"
			},
			{
				"formName": "Quotation Form",
				"status": ""
			},
			{
				"formName": "Application Form",
				"status": "NOT SIGNED"
			}
		],
		"completedStatus": "0"
	},
	"application_eapplication_applicant_e_submit_prepare-Required": {
		"applicationId": "AB332DEC-4436-4816-B079-874303A9992F-1557715202.780089"
	},
	"application_eapplication_submit-Required": {
		"applicationId": "AB332DEC-4436-4816-B079-874303A9992F-1557715202.780089"
	},
	"application_referral_prepare-Required": {
		"applicationId": "AB332DEC-4436-4816-B079-874303A9992F-1557715202.780089"
	},
	"application_referral_save-Required": {
		"applicationId": "AB332DEC-4436-4816-B079-874303A9992F-1557715202.780089",
		"list": [
			{
				"name": "reminder1",
				"mobile": {
					"countryCode": "855",
					"areaCode": "17",
					"number": "123456"
				}
			},
			{
				"name": "",
				"mobile": {
					"countryCode": "",
					"areaCode": "",
					"number": ""
				}
			},
			{
				"name": "",
				"mobile": {
					"countryCode": "",
					"areaCode": "",
					"number": ""
				}
			},
			{
				"name": "",
				"mobile": {
					"countryCode": "",
					"areaCode": "",
					"number": ""
				}
			},
			{
				"name": "",
				"mobile": {
					"countryCode": "",
					"areaCode": "",
					"number": ""
				}
			}
		],
		"completedStatus": "0"
	},
	"contact_valid_areacode_get-Required": {
		"agentCode": "A01110"
	},
	"contact_view_quotation_list_prepare-Required": {
		"contactId": "0D332DEC-4436-4816-B079-874303A9992F-1557715202.520089"
	},
	"contact_view_appplication_list_prepare-Required": {
		"contactId": "0D332DEC-4436-4816-B079-874303A9992F-1557715202.520089"
	},
	"quotation_product_details_policy_term_list-Required": {
		"paymentMode": {
			"name": "SEMI-ANNUALLY",
			"code": "02"
		},
		"returnPremium": {
			"name": "Money Back",
			"code": "2"
		},
		"premiumTerm": {
			"name": "20 years",
			"code": "20"
		},
		"payorAge":"24",
		"insuredAge":"18"
	},
	"quotation_product_details_premium_term_list-Required": {
		"paymentMode": {
			"name": "ANNUALLY",
			"code": "01"
		},
		"returnPremium": {
			"name": "Money Back",
			"code": "2"
		},
		"policyTerm": {
			"name": "25 years",
			"code": "25"
		},
		"payorAge":"24",
		"insuredAge":"18"
	},
	"application_eapplication_document_p1_prepare-Required": {
		"applicationId": "AB332DEC-4436-4816-B079-874303A9992F-1557715202.780089"
	},
	"application_eapplication_document_p1_save-Required": {
		"applicationId": "AB332DEC-4436-4816-B079-874303A9992F-1557715202.780089",
		"policyOwner": "Hello World",
		"insured": "noexist",
		"haveSighted": "1",
		"captureList": [
			{
				"imageName": "ID Card / Passport",
				"imageCode": "P10201",
				"portrait": "portrait base64 string, can be set here or set through image_base64/save",
				"documentId": "AB332DEC-4436-4816-B079-874303A9992F-1557715202.780089+P10201",
				"completedStatus": "1",
				"isDelete":"0"
			},
			{
				"imageName": "Birth Certificate / ID Card",
				"imageCode": "P10202",
				"portrait": "portrait base64 string, can be set here or retrived through image_base64/save",
				"documentId": "AB332DEC-4436-4816-B079-874303A9992F-1557715202.780089+P10202",
				"completedStatus": "1",
				"isDelete":"0"
			},
			{
				"imageName": "Others",
				"imageCode": "P10205",
				"portrait": "",
				"documentId": "AB332DEC-4436-4816-B079-874303A9992F-1557715202.780089+P10205",
				"completedStatus": "0",
				"isDelete":"0"
			}
		],
		"completedStatus": "1"
	},
	"image_base64_prepare-Required": {
		"list": [
			{
				"type": "agent",
				"id": "A01110"
			}
		]
	},
	"image_base64_save-Required": {
		"list": [
			{
        "type": "agent",
        "id": "A01110",
				"portrait": "base64 string"
			}
		]
	},
	"pdf_base64_prepare-Required": {
		"type": "quotation",
    "id": "quotationId_here",
    "signAt": ""
	},
	"image_base64_prepare-Required-2": {
		"list": [
			{
				"type": "contact",
				"id": "0D332DEC-4436-4816-B079-874303A9992F-1557715202.520089"
			}
		]
	},
	"image_base64_prepare-Required-3": {
		"list": [
			{
				"type": "capture_document",
				"id": "AB332DEC-4436-4816-B079-874303A9992F-1557715202.780089+P10201"
			}
		]
	},
	"image_base64_save-Required-2": {
		"list": [
			{
				"type": "contact",
				"id": "0D332DEC-4436-4816-B079-874303A9992F-1557715202.520089",
				"portrait": "base64 string"
			}
		]
	},
	"image_base64_save-Required-3": {
		"list": [
			{
				"type": "capture_document",
				"id": "AB332DEC-4436-4816-B079-874303A9992F-1557715202.780089+P1020",
				"portrait": "base64 string"
			}
		]
	},
	"pdf_base64_prepare-Required-2": {
		"type": "cff",
		"id": "applicationId_here"
	},
	"pdf_base64_prepare-Required-3": {
		"type": "application",
		"id": "applicationId_here"
	},
	"application_eapplication_health_questions_prepare_testpayor-Required": {
		"applicationId": "AB332DEC-4436-4816-B079-874303A9992F-1557715202.780089",
		"item": "PAYOR"
	},
	"application_eapplication_health_questions_prepare_special-Required": {
		"applicationId": "AB332DEC-4436-4816-B079-874303A9992F-1557715202.780089",
		"item": "PAYOR"
	},
	"application_delete-Required": {
		"applicationId": "AB332DEC-4436-4816-B079-874303A9992F-1557715202.780089"
	},
	"contact_duplicated_person_get-Required" :{
		"agentCode": "A01110",
		"type": "idNo",
		"id": "1234567890"
	},
	"contact_duplicated_person_get-Required-2" :{
		"agentCode": "A01110",
		"type": "passportNo",
		"id": "2234567890"
	},
	"contact_duplicated_person_get-Required-3" :{
		"agentCode": "A01110",
		"type": "birthCertificateNo",
		"id": "3234567890"
	},
	"payment_policy_payment_list-Required": {
		"agentCode": "A01110"
	},
	"rule_summary_query": {
		"action": "GET",
		"startPage": "1",
		"pageSize": "1",
		"ruleGroupModelId": "14"
	}
}