<?xml version="1.0" encoding="UTF-8" ?>
<!DOCTYPE mapper PUBLIC "-//mybatis.org//DTD Mapper 3.0//EN" "http://mybatis.org/dtd/mybatis-3-mapper.dtd">
 
<mapper namespace="com.aia.glory.calculationresultservice.dao.PipelineResultMapper">
 	
    <resultMap type="com.aia.glory.model.compensation.PipelineResultModel" id="selectPipelineResult">
        <result column="PERIOD" property="period"  />
       	<result column="STAGE" property="stage"  />
       	<result column="COMPANY" property="company"  />
       	<result column="STATUS" property="status"  />
        <result column="STARTTIME" property="startTime"  />
        <result column="STOPTIME" property="endTime"  />
    </resultMap>
    
    <select id="selectPipelineResult" parameterType="com.aia.glory.model.request.PipelineResultRequest" resultMap="selectPipelineResult">
	SELECT TOP ${pageSize} * FROM 
	(SELECT ROW_NUMBER() OVER( ORDER BY pipelinerunseq DESC) AS RowNumber,CONVERT(varchar(7),CPD.STARTDATE,23) AS PERIOD, CPR.command AS STAGE,CPT.name AS COMPANY,
	CPR.status AS STATUS,CONVERT(varchar(16),CPR.starttime,120) AS STARTTIME,CONVERT(varchar(16),CPR.stoptime,120) AS STOPTIME
	FROM CE_PIPELINERUN CPR
	INNER JOIN CE_PERIOD CPD
   	ON CPR.periodseq=CPD.PERIODSEQ
<!--    	INNER JOIN CE_BUSINESSUNIT CB -->
<!--     ON CB.BUSINESSUNITSEQ=CPR.businessunitseq -->
   	INNER JOIN CE_PROCESSINGUNIT CPT
	ON CPR.processingunitseq=CPT.processingunitseq
	
	<if test="period!=null and period != ''">
	AND CONVERT(varchar(7),CPD.STARTDATE,23)=#{period}
	</if>
	<if test="stage!=null and stage != ''">
	AND CPR.command=#{stage}
	</if>
	<if test="company!=null and company != ''">
	AND CPT.name=#{company}
	</if>
	<!--<if test="channel!=null and channel != ''">
	AND CB.name=#{channel}
	</if>-->
	<if test="jobSeq!=null and jobSeq != ''">
	AND CPR.pipelinerunseq=#{jobSeq}
	</if>
	<if test="status!=null and status != ''">
	AND CPR.status like CONCAT(#{status},'%')
	</if>
	<if test="startTime!=null and startTime != ''">
	AND CONVERT(varchar(16),CPR.starttime,120)=#{startTime}
	</if>
	<if test="endTime!=null and endTime != ''">
	AND CONVERT(varchar(16),CPR.stoptime,120)=#{endTime}
	</if>
	)AS CP
	WHERE CP.RowNumber > (${pageSize}*(${startPage}-1)) 
    </select>
    
</mapper>