<?xml version="1.0" encoding="UTF-8" ?>
<!DOCTYPE mapper PUBLIC "-//mybatis.org//DTD Mapper 3.0//EN" "http://mybatis.org/dtd/mybatis-3-mapper.dtd">
 
<mapper namespace="com.aia.glory.calculationresultservice.dao.TransactionMapper">
 	
    <resultMap type="com.aia.glory.model.compensation.TransactionModel" id="BaseResultMap">
        <id column="TRANSACTIONSEQ" property="transactionSeq"  />
        <result column="COMPENSATIONDATE" property="compensationDate"  />
       	<result column="EVENTTYPEID" property="eventType"  />
       	<result column="VALUE" property="value"  />
       	<result column="COMM_AGENT" property="commAgent"  />
        <result column="COMM_AGENCY" property="commAgency"  />
        <result column="PONUMBER" property="policyNumber"  />
        <result column="PRODUCTCATEGORY" property="ProductCat"  />
    </resultMap>
    
     <resultMap type="com.aia.glory.model.compensation.TransactionDetail" id="selectTransactionDetail">
        <id column="TRANSACTIONSEQ" property="transactionSeq"  />
        <result column="COMPENSATIONDATE" property="compensationDate"  />
       	<result column="EVENTTYPEID" property="eventType"  />
       	<result column="COMM_AGENT" property="commAgent"  />
        <result column="COMM_AGENCY" property="commAgency"  />
        <result column="WRI_AGENT" property="wriAgent"  />
        <result column="WRI_AGENCY" property="wriAgency"  />
        <result column="NAME" property="channel"  />
       	<result column="PRODUCTID" property="productID"  />
        <result column="PRODUCTNAME" property="productName"  />
        <result column="PRODUCTDESCRIPTION" property="productDesc"  />
        <result column="PRODUCTCATEGORY" property="productCat"  />
        <result column="VALUE" property="value"  />
       	<result column="PONUMBER" property="policyNumber"  />
        <result column="DATASOURCE" property="dataSource"  />
        <result column="name" property="company"  />
    </resultMap>
    
    <resultMap type="com.aia.glory.model.compensation.DepositSummaryResult" id="selectDepositSummary">
        <id column="DEPOSITSEQ" property="depositSeq"  />
       	<result column="COMPENSATIONNAME" property="compensationName"  />
       	<result column="PAYEE" property="payee"  />
        <result column="PERIOD" property="period"  />
        <result column="RULENAME" property="ruleName"  />
        <result column="VALUE" property="value"  />
        <result column="CHANNEL" property="channel"  />
       	<result column="COMPANY" property="company"  />
        <result column="DEPOSITDATE" property="depositDate"  />
        <result column="RELEASEDATE" property="releaseDate"  />
        <result column="ISHELD" property="isHeld"  />
    </resultMap>
    
    <resultMap type="com.aia.glory.model.compensation.PaymentSummaryResult" id="selectPaymentSummary">
        <id column="paymentSeq" property="paymentSeq"/>	
        <result column="PAYEE" property="payee"  />
        <result column="PERIOD" property="period"  />
        <result column="VALUE" property="value"  />
        <result column="CHANNEL" property="channel"  />
        <result column="COMPANY" property="company"  />
        <result column="POSTDATE" property="postDate"  />
        <result column="STATUS" property="Status"  />
       	<result column="payeeAgency" property="payeeAgency"  />
       	<result column="payeeTitle" property="payeeTitle"  />
        <result column="paymentMethod" property="paymentMethod"  />
        <result column="bank" property="bank"  />
        <result column="bankAccount" property="bankAccount"  />
    </resultMap>
    
     <select id="selectTransaction" parameterType="com.aia.glory.model.request.GetTransactionSummaryRequest" resultMap="BaseResultMap">
	SELECT TOP ${pageSize} 
	RowNumber,CT.TRANSACTIONSEQ,CAST(CT.COMPENSATIONDATE  AS date) AS COMPENSATIONDATE,concat(Convert(decimal(18,2),CT.VALUE),'') VALUE,CT.EVENTTYPEID,CT.COMM_AGENT,CT.COMM_AGENCY,CT.PONUMBER,CT.PRODUCTCATEGORY 
	,business,company
	FROM 
	(SELECT ROW_NUMBER() OVER( ORDER BY TRANSACTIONSEQ) AS RowNumber, ct.*,CET.*,cb.name as business,cp.name as company FROM CE_TRANSACTION  ct
	INNER JOIN CE_EVENTTYPE CET
	ON EVENTTYPESEQ=CET.DATATYPESEQ
	left join CE_BUSINESSUNIT cb on cb.businessunitseq = ct.businessunitmap
	left join CE_PROCESSINGUNIT cp on cp.processingunitseq = ct.processingunitseq
	where 1=1 
	<if test="compStartDate !=null and compStartDate !=''">
	and convert(varchar(10),COMPENSATIONDATE,121) >= convert(varchar(10),#{compStartDate},121)

	</if>
	<if test="compEndDate != null and compEndDate !=''">
	
	and convert(varchar(10),#{compEndDate},121) >= convert(varchar(10),COMPENSATIONDATE,121)
	</if>
	<if test="commAgent !=null and commAgent !=''">
	AND COMM_AGENT like CONCAT(#{commAgent},'%')
	</if>
	<if test="commAgency !=null and commAgency !=''">
	AND COMM_AGENCY like CONCAT(#{commAgency},'%')
	</if>
	<if test="policyNumber !=null and policyNumber !=''">
	AND PONUMBER like CONCAT(#{policyNumber},'%')
	</if>
	<if test="transactionSeq !=null and transactionSeq !=''">
	AND TRANSACTIONSEQ = #{transactionSeq}
	</if>
	<if test="channel !=null and channel !=''">
	AND cb.NAME = #{channel}
	</if>
	<if test="company !=null and company !=''">
	AND cp.NAME = #{company}
	</if>
	<if test="eventType !=null and eventType !=''">
	AND CET.EVENTTYPEID like CONCAT(#{eventType},'%')
	</if>
	)AS CT
	WHERE 1=1
	AND RowNumber > (${pageSize}*(${startPage}-1)) 
    </select>
    
    <select id="selectDepositSummary" parameterType="com.aia.glory.model.request.DepositSummary" resultMap="selectDepositSummary">
	SELECT TOP ${pageSize} * from (
	SELECT ROW_NUMBER() OVER( ORDER BY
	cf.DEPOSITSEQ) AS RowNumber,
	cf.DEPOSITSEQ,cf.name as COMPENSATIONNAME,cp.NAME as PAYEE,cp.managerAgency,case when cp.name = cp.leaderCode then cp.genericattribute4 else 'AG' end title,
	CONVERT(varchar(7),ce.STARTDATE,23) as PERIOD,'' as RULENAME,
	cf.VALUE,cf.ISHELD,cf.RELEASEDATE,cf.DEPOSITDATE ,cb.NAME as
	CHANNEL,co.name as COMPANY

	FROM [dbo].[CE_DEPOSIT] cf left join CE_POSITION cp on cf.positionseq = cp.positionseq
	
	left join ce_period ce on cf.PERIODSEQ=ce.PERIODSEQ
	left join [CE_BUSINESSUNIT] cb on cb.BUSINESSUNITSEQ=cf.BUSINESSUNITMAP
	left join [CE_PROCESSINGUNIT] co on co.processingunitseq =
	cf.PROCESSINGUNITSEQ
	where cp.ISLAST=1
	<if test='payee!=null'>
		AND cp.NAME like CONCAT(#{payee},'%')
	</if>
	<if test='compensationName!=null'>
		AND cf.name like CONCAT(#{compensationName},'%')
	</if>
	<if test='period!=null'>
		AND CONVERT(varchar(7),ce.STARTDATE,23)=#{period}
	</if>
	
	<if test='startPeriod != null'>
		and convert(varchar(7),ce.STARTDATE,23) >=
		convert(varchar(7),#{startPeriod},23)
	</if>
	<if test='endPeriod != null'>
		and convert(varchar(7),#{endPeriod},23) >=
		convert(varchar(7),ce.STARTDATE,23)
	</if>
	<if test='channel != null'>
		AND cb.NAME like CONCAT(#{channel},'%')
	</if>
	<if test='company != null'>
		AND co.NAME like CONCAT(#{company},'%')
	</if>
	)AS DE
	WHERE DE.RowNumber > (${pageSize}*(${startPage}-1))
	</select>
	
	<select id="selectPaymentSummary" parameterType="com.aia.glory.model.request.PaymentSummary" resultMap="selectPaymentSummary">

	SELECT TOP ${pageSize} * from (

	SELECT ROW_NUMBER() OVER( ORDER BY cf.POSITIONSEQ) AS RowNumber,
	cpr.genericattribute3 as paymentMethod,cpr.genericattribute4 as bank,
	cpr.genericattribute6 as bankAccount,
	cf.PAYMENTSEQ,cf.STATUS,cp.NAME as PAYEE,
	cp.managerAgency as
	payeeAgency,case when cp.name = cp.leaderCode then cp.genericattribute4
	else 'AG' end payeeTitle,
	CONVERT(varchar(7),ce.STARTDATE,23) as PERIOD,
	cf.VALUE,cf.POSTDATE ,cb.NAME as CHANNEL,co.name as COMPANY

	FROM [dbo].[CE_PAYMENT] cf
	left join CE_POSITION cp on cf.positionseq = cp.positionseq 
	left join CE_PARTICIPANT cpr on cp.PARTICIPANTSEQ = cpr.PARTICIPANTSEQ 
	left join ce_period ce on cf.PERIODSEQ = ce.PERIODSEQ
	left join
	[CE_BUSINESSUNIT] cb on cb.BUSINESSUNITSEQ = cf.BUSINESSUNITMAP
	left
	join [CE_PROCESSINGUNIT] co on co.processingunitseq =
	cf.PROCESSINGUNITSEQ
	where cp.ISLAST=1  and cp.REMOVEDATE = convert(date, '22000101')
	and   cpr.ISLAST=1 and cpr.REMOVEDATE = convert(date, '22000101')
	<if test='payee!=null'>
		AND cp.NAME like CONCAT(#{payee},'%')
	</if>
	<if test='period!=null'>
		AND CONVERT(varchar(7),ce.STARTDATE,23)=#{period}
	</if>

	<if test='startPeriod != null'>
		and convert(varchar(7),ce.STARTDATE,23) >=
		convert(varchar(7),#{startPeriod},23)
	</if>
	<if test='endPeriod != null'>
		and convert(varchar(7),#{endPeriod},23) >=
		convert(varchar(7),ce.STARTDATE,23)
	</if>
	<if test='channel != null'>
		AND cb.NAME like CONCAT(#{channel},'%')
	</if>
	<if test='company != null'>
		AND co.NAME like CONCAT(#{company},'%')
	</if>
		)AS DE
		WHERE DE.RowNumber > (${pageSize}*(${startPage}-1))
	
	</select>
	
	<select id="selectDepositPaymentTrace" parameterType="com.aia.glory.model.request.PymntDpstTraceRequest" resultMap="selectDepositSummary">

	SELECT TOP ${pageSize} * from (
	SELECT ROW_NUMBER() OVER( ORDER BY cf.DEPOSITSEQ) AS RowNumber,
	cf.DEPOSITSEQ,cf.name as COMPENSATIONNAME,cp.NAME as PAYEE,cp.managerAgency,case when cp.name = cp.leaderCode then cp.genericattribute4 else 'AG' end title,
	CONVERT(varchar(7),ce.STARTDATE,23) as PERIOD,'' as RULENAME,
	cf.VALUE,cf.ISHELD,cf.RELEASEDATE,cf.DEPOSITDATE ,cb.NAME as
	CHANNEL,co.name as COMPANY
	FROM [dbo].[CE_DEPOSIT] cf 
	left join CE_POSITION cp on cf.positionseq = cp.positionseq
	left join CE_PERIOD ce on cf.PERIODSEQ=ce.PERIODSEQ
	left join [CE_BUSINESSUNIT] cb on cb.BUSINESSUNITSEQ=cf.BUSINESSUNITMAP
	left join [CE_PROCESSINGUNIT] co on co.processingunitseq =	cf.PROCESSINGUNITSEQ
	left join CE_DEPOSITAPPLDEPOSITTRACE cdap on cdap.DEPOSITSEQ = cf.DEPOSITSEQ
	left join CE_APPLDEPOSITPAYMENTTRACE cadp on cadp.APPLIEDDEPOSITSEQ = cdap.APPLIEDDEPOSITSEQ
	left join CE_PAYMENT cpt on cpt.PAYMENTSEQ = cadp.PAYMENTSEQ
	where cp.ISLAST=1
	<if test='paymentSeq != null'>
		and cpt.paymentseq = #{paymentSeq}
	</if>
		)AS DE
		WHERE DE.RowNumber > (${pageSize}*(${startPage}-1))
		
	</select>
	
	<select id="selectPMselfTrace"  resultType="Integer">
	 select distinct(SOURCEMEASUREMENTSEQ) from CE_PMSELFTRACE where TARGETMEASUREMENTSEQ in 
        <foreach item="item" index="index" collection="list" open="(" separator="," close=")">#{item}</foreach>
	</select>
	
	<select id="selectPMSummaryTrace"  resultType="Integer">
	 select SUMMARYSEQ from ce_pmsumtrace where MEASUREMENTSEQ in  
        <foreach item="item" index="index" collection="list" open="(" separator="," close=")">#{item}</foreach>
	</select>
	
	<select id="selectSumTransTrace"  resultType="Integer">
	 select distinct(transactionSeq) from CE_SUMTRANSTRACE where summaryseq in  
        <foreach item="item" index="index" collection="list" open="(" separator="," close=")">#{item}</foreach>
	</select>
	
	<select id="selectAllSumTransTrace" parameterType="com.aia.glory.model.request.DpstTrsactionTraceRequest" resultMap="BaseResultMap">
	SELECT TOP ${pageSize} 
	RowNumber,CT.TRANSACTIONSEQ,CAST(CT.COMPENSATIONDATE  AS date) AS COMPENSATIONDATE,concat(Convert(decimal(18,2),CT.VALUE),'') VALUE,CT.EVENTTYPEID,CT.COMM_AGENT,CT.COMM_AGENCY,CT.PONUMBER,CT.PRODUCTCATEGORY  
	FROM (SELECT ROW_NUMBER() OVER( ORDER BY TRANSACTIONSEQ) AS RowNumber, * FROM CE_TRANSACTION 
	INNER JOIN CE_EVENTTYPE CET 
	ON EVENTTYPESEQ=CET.DATATYPESEQ 
	and TRANSACTIONSEQ in (${transactionSeq}) 
	)AS CT
	WHERE 1=1 
	AND RowNumber > (${pageSize}*(${startPage}-1)) 
    </select>
    
    <select id="selectTransactiondetailDepositTrace" resultMap="selectTransactionDetail">
	   SELECT distinct CT.TRANSACTIONSEQ,CAST(CT.COMPENSATIONDATE  AS date) AS COMPENSATIONDATE,
	   concat(Convert(decimal(18,2),CT.VALUE),'') VALUE,CET.EVENTTYPEID,
	   CT.COMM_AGENT,CT.COMM_AGENCY,CT.PONUMBER,CT.PRODUCTCATEGORY,
	   CT.WRI_AGENT,CT.WRI_AGENCY,CT.PRODUCTID,CT.PRODUCTNAME,
	   CT.PRODUCTDESCRIPTION,CT.PRODUCTCATEGORY,CBU.NAME,CP.name,CT.DATASOURCE
	   FROM CE_TRANSACTION CT 
	   INNER JOIN CE_BUSINESSUNIT CBU 
	   ON CT.BUSINESSUNITMAP=CBU.BUSINESSUNITSEQ 
	   INNER JOIN CE_EVENTTYPE CET 
	   ON CT.EVENTTYPESEQ=CET.DATATYPESEQ
	   INNER JOIN CE_PROCESSINGUNIT CP 
	   ON CT.PROCESSINGUNITSEQ=CP.PROCESSINGUNITSEQ
	   INNER JOIN CE_SUMTRANSTRACE CS
	   ON CS.TRANSACTIONSEQ = CT.TRANSACTIONSEQ
	   and CS.SUMMARYSEQ in 
	   <foreach item="item" index="index" collection="list" open="(" separator="," close=")">#{item}</foreach>
    </select>
    
    <!--2020.4.9 measurementSummary -->
    <resultMap type="com.aia.glory.model.compensation.MeasurementSummaryResult" id="selectMeasurementSummary">
        <id column="MEASUREMENTSEQ" property="measurementSeq"  />
       	<result column="MEASUREMENTNAME" property="measurementName"  />
       	<result column="PAYEE" property="payee"  />
        <result column="PERIOD" property="period"  />
        <result column="RULENAME" property="ruleName"  />
        <result column="VALUE" property="value"  />
        <result column="CHANNEL" property="channel"  />
       	<result column="COMPANY" property="company"  />
    </resultMap>
    
    
    
    <select id="selectMeasurementSummary" parameterType="com.aia.glory.model.request.MeasurementSummary" resultMap="selectMeasurementSummary">
	SELECT TOP ${pageSize} * from (
		SELECT ROW_NUMBER() OVER( ORDER BY
		cf.MEASUREMENTSEQ) AS RowNumber,
		cf.MEASUREMENTSEQ,cf.name as MEASUREMENTNAME,cp.NAME as PAYEE,cp.managerAgency,case when cp.name = cp.leaderCode then cp.genericattribute4 else 'AG' end title,
		CONVERT(varchar(7),ce.STARTDATE,23) as PERIOD,'' as RULENAME,
		cf.VALUE,cb.NAME as
		CHANNEL,co.name as COMPANY
	
		FROM [dbo].[CE_MEASUREMENT] cf left join CE_POSITION cp on cf.positionseq = cp.positionseq
		
		left join ce_period ce on cf.PERIODSEQ=ce.PERIODSEQ
		left join [CE_BUSINESSUNIT] cb on cb.BUSINESSUNITSEQ=cf.BUSINESSUNITMAP
		left join [CE_PROCESSINGUNIT] co on co.processingunitseq = cf.PROCESSINGUNITSEQ
	<if test='payee!=null'>
		AND cp.NAME like CONCAT(#{payee},'%')
	</if>
	<if test='measurementName!=null'>
		where cf.name like CONCAT(#{measurementName},'%')
	</if>
	<if test='period!=null'>
		AND CONVERT(varchar(7),ce.STARTDATE,23)=#{period}
	</if>
	
	<if test='startPeriod != null'>
		and convert(varchar(7),ce.STARTDATE,23) >=
		convert(varchar(7),#{startPeriod},23)
	</if>
	<if test='endPeriod != null'>
		and convert(varchar(7),#{endPeriod},23) >=
		convert(varchar(7),ce.STARTDATE,23)
	</if>
	<if test='channel != null'>
		AND cb.NAME like CONCAT(#{channel},'%')
	</if>
	<if test='company != null'>
		AND co.NAME like CONCAT(#{company},'%')
	</if>
	)AS DE
	WHERE DE.RowNumber > (${pageSize}*(${startPage}-1))
	</select>
	
</mapper>