<?xml version="1.0" encoding="UTF-8" ?>
<!DOCTYPE mapper PUBLIC "-//mybatis.org//DTD Mapper 3.0//EN" "http://mybatis.org/dtd/mybatis-3-mapper.dtd">

<mapper namespace="com.aia.glory.channeladminservice.dao.EntityDao">    
         
     <resultMap type="com.aia.glory.channeladminservice.model.VersionModel" id="VersionResultMap">
     	<result column="PARTICIPANTSEQ" property="seq"  />
     	<result column="ISLAST" property="isLast"  />
        <result column="EFFECTIVESTARTDATE" property="effectiveStartDate"  />
       	<result column="EFFECTIVEENDDATE" property="effectiveEndDate"  />
       	<result column="VERSION_LOG" property="versionLog"  />
       	<result column="CREATEDATE" property="createDate"  />
       	<result column="REMOVEDATE" property="removeDate"  />
    </resultMap>
    
    <resultMap type="com.aia.glory.channeladminservice.model.ParticipantModel" id="ParticipantResultMap">
     	<result column="PARTICIPANTSEQ" property="versionModel.seq"  />
     	<result column="ISLAST" property="versionModel.isLast"  />
        <result column="EFFECTIVESTARTDATE" property="versionModel.effectiveStartDate"  />
       	<result column="EFFECTIVEENDDATE" property="versionModel.effectiveEndDate"  />
       	<result column="VERSION_LOG" property="versionModel.versionLog"  />
       	<result column="CREATEDATE" property="versionModel.createDate"  />
       	<result column="REMOVEDATE" property="versionModel.removeDate"  />
     	<result column="NAME" property="agentCode"  />
     	<result column="FIRSTNAME" property="firstName"  />
        <result column="MIDDLENAME" property="middleName"  />
       	<result column="LASTNAME" property="lastName"  />
       	<result column="AGENT_STATUS" property="agentStatus"/>
       	<result column="POSTAL_CODE" property="postalCode"/>
       	<result column="RESIDENTIAL_ADDRESS" property="residentialAddress"/>
       	<result column="AGENT_TELEPHONE" property="agentTelephone"/>
    </resultMap>
    
    <resultMap type="com.aia.glory.channeladminservice.model.PositionModel" id="PositionResultMap">
     	<result column="TITLESEQ" property="title"  />
     	<result column="ENTITLE_TYPE" property="entityType"  />
     	<result column="ManagerAgency" property="managerAgency"  />
     	<result column="MANAGERSEQ" property="managerSeq"  />
     	<result column="LeaderCode" property="leaderCode"  />
     	<result column="BUSINESSUNITMAP" property="businessUnit"  />
     	<result column="POSITIONSEQ" property="positionSeq"  />
     	<result column="PROCESSUNITMAP" property="companyCode"  />
    </resultMap>
    
     <resultMap type="com.aia.glory.channeladminservice.model.EntityModel" id="EntityModelMap">
     	<association property="participantModel" resultMap="ParticipantResultMap" /> 
     	<association property="positionModel" resultMap="PositionResultMap" /> 

     	<association property="leaderModel" column="{codeEqual=LeaderCodeAsso,isLast=relatedIsLast,nodeType=nodeType}" 
     	select="com.aia.glory.channeladminservice.dao.PositionNodeDao.selectPositionNodeModel" fetchType="lazy"/>
    	<association property="managerAgencyModel" column="{seq=MANAGERSEQAsso,isLast=relatedIsLast,nodeType=nodeType}" 
    	select="com.aia.glory.channeladminservice.dao.PositionNodeDao.selectPositionNodeModel" fetchType="lazy"/>
    </resultMap> 
    
    <sql id="entityCondition">
		FROM CE_PARTICIPANT PART LEFT JOIN CE_POSITION POS ON PART.PARTICIPANTSEQ = POS.PARTICIPANTSEQ 
		AND PART.EFFECTIVESTARTDATE=POS.EFFECTIVESTARTDATE 
		AND PART.EFFECTIVEENDDATE=POS.EFFECTIVEENDDATE
		left join CE_BUSINESSUNIT cb on cb.BUSINESSUNITSEQ = POS.BUSINESSUNITMAP
		left join CE_PROCESSINGUNIT cp on cp.PROCESSINGUNITSEQ = POS.PROCESSUNITMAP
		WHERE PART.RECORDTYPE = 'AGY' 
		<if test="agencyCode !=null and agencyCode != ''">
			AND PART.NAME LIKE CONCAT(#{agencyCode},'%')
		</if>
		<if test="agencyName !=null and agencyName != ''">
			AND PART.FIRSTNAME LIKE CONCAT('%', #{agencyName},'%')
		</if>
		<if test="leaderCode !=null and leaderCode != ''">
			AND POS.LeaderCode like CONCAT(#{leaderCode},'%')
		</if>
		<if test="managerAgency !=null and managerAgency != ''">
			AND POS.ManagerAgency like CONCAT(#{managerAgency},'%')
		</if>
		<if test="managerSeq !=null and managerSeq != ''">
			AND POS.MANAGERSEQ = #{managerSeq}
		</if>
		
		<if test="isLast !=null and isLast != ''">
			AND PART.ISLAST = '1'
		</if>
		<if test="seq !=null and seq != ''">
			AND PART.PARTICIPANTSEQ = #{seq}
		</if>
		<if test="effectiveStartDate !=null and effectiveStartDate != ''">
			AND PART.EFFECTIVESTARTDATE = #{effectiveStartDate}
		</if>
		<if test="effectiveEndDate !=null and effectiveEndDate != ''">
			AND PART.EFFECTIVEENDDATE = #{effectiveEndDate}
		</if>
	    <if test="removeDate !=null and removeDate != ''">
			AND PART.REMOVEDATE = #{removeDate}
		</if>
		<if test="channel !=null and channel != ''">
			AND cb.NAME = #{channel}
		</if>
		<if test="company !=null and company != ''">
			AND cp.NAME = #{company}
		</if>
    </sql>  
    
    <select id="selectEntityVersion" parameterType="com.aia.glory.model.request.VersionRequest" resultMap="VersionResultMap">
			SELECT TOP ${pageSize} 
			V.*
			FROM 
			   (SELECT ROW_NUMBER() OVER( ORDER BY PARTICIPANTSEQ) AS RowNumber, 
				ISLAST,
				PARTICIPANTSEQ,
				EFFECTIVESTARTDATE,
				EFFECTIVEENDDATE,
				VERSION_LOG,
				CREATEDATE,
				REMOVEDATE
				FROM CE_PARTICIPANT
				WHERE PARTICIPANTSEQ = #{seq}
				AND REMOVEDATE = '2200-01-01'
				<if test="isLast !=null and isLast != ''">
					AND ISLAST = '1'
				</if>
				) AS V
			WHERE V.RowNumber > (${pageSize}*(${startPage}-1)) 
    </select>
    
    <select id="selectEntityVersionTotal" parameterType="com.aia.glory.model.request.VersionRequest" resultType="java.lang.Integer">
			SELECT COUNT(1)
			FROM CE_PARTICIPANT V
			WHERE V.PARTICIPANTSEQ = #{seq}
			AND REMOVEDATE = '2200-01-01'
			<if test="isLast !=null and isLast != ''">
				AND ISLAST = '1'
			</if>
    </select>
    
    <select id="selectEntity" parameterType="com.aia.glory.model.request.EntityRequest" resultMap="EntityModelMap">
			SELECT TOP ${pageSize}
			ENTITY.*
			FROM 
			   (SELECT ROW_NUMBER() OVER( ORDER BY PART.PARTICIPANTSEQ) AS RowNumber, 
				PART.ISLAST,
				PART.PARTICIPANTSEQ,
				PART.EFFECTIVESTARTDATE,
				PART.EFFECTIVEENDDATE,
				PART.VERSION_LOG,
				PART.CREATEDATE,
				PART.REMOVEDATE,
				
				PART.NAME,
				PART.FIRSTNAME,
				PART.MIDDLENAME,
				PART.LASTNAME,
				PART.AGENT_STATUS,
				PART.POSTAL_CODE,
				PART.RESIDENTIAL_ADDRESS,
				PART.AGENT_TELEPHONE,
								
				POS.POSITIONSEQ,
				POS.TITLESEQ,
				POS.ENTITLE_TYPE,
				POS.ManagerAgency,
				POS.MANAGERSEQ,
				POS.LeaderCode,
				POS.BUSINESSUNITMAP,
				POS.PROCESSUNITMAP,
				relatedIsLast='1',
				nodeType='SELF',
				CASE WHEN NULLIF(POS.LeaderCode,'') IS NOT NULL THEN POS.LeaderCode ELSE '-99999' END AS LeaderCodeAsso,
				CASE WHEN NULLIF(POS.MANAGERSEQ,'') IS NOT NULL THEN POS.MANAGERSEQ ELSE '-99999' END AS MANAGERSEQAsso
				<include refid="entityCondition">
				</include>
				) AS ENTITY
			WHERE ENTITY.RowNumber > (${pageSize}*(${startPage}-1)) 
    </select>
        
    <select id="selectEntityTotal" parameterType="com.aia.glory.model.request.EntityRequest" resultType="java.lang.Integer">
			SELECT COUNT(1)
			<include refid="entityCondition">
			</include>
    </select>
    
    <select id="selectMaxParticipantSeq" resultType="java.lang.Integer">
			SELECT NEXT VALUE FOR CE_PARTICIPANT_SEQ
    </select>
    
     <select id="selectMaxPositionSeq" resultType="java.lang.Integer">
			SELECT NEXT VALUE FOR CE_POSITION_SEQ
    </select>
    
    <sql id="genericColumns">
	      GENERICATTRIBUTE1 ,
	      GENERICATTRIBUTE2 ,
	      GENERICATTRIBUTE3 ,
	      GENERICATTRIBUTE4 ,
	      GENERICATTRIBUTE5 ,
	      GENERICATTRIBUTE6 ,
	      GENERICATTRIBUTE7 ,
	      GENERICATTRIBUTE8 ,
	      GENERICATTRIBUTE9 ,
	      GENERICATTRIBUTE10,
	      GENERICATTRIBUTE11,
	      GENERICATTRIBUTE12,
	      GENERICATTRIBUTE13,
	      GENERICATTRIBUTE14,
	      GENERICATTRIBUTE15,
	      GENERICATTRIBUTE16,
	      GENERICNUMBER1    ,
	      GENERICNUMBER2    ,
	      GENERICNUMBER3    ,
	      GENERICNUMBER4    ,
	      GENERICNUMBER5    ,
	      GENERICNUMBER6    ,
	      GENERICDATE1      ,
	      GENERICDATE2      ,
	      GENERICDATE3      ,
	      GENERICDATE4      ,
	      GENERICDATE5      ,
	      GENERICDATE6      ,
	      GENERICBOOLEAN1   ,
	      GENERICBOOLEAN2   ,
	      GENERICBOOLEAN3   ,
	      GENERICBOOLEAN4   ,
	      GENERICBOOLEAN5   ,
	      GENERICBOOLEAN6   
    </sql>
    
     <select id="selectExtendParticipantFieldValue" parameterType="com.aia.glory.model.request.EntityRequest" resultType="map">
			SELECT 
			<include refid="genericColumns">
			</include>		
			FROM CE_PARTICIPANT 
			WHERE PARTICIPANTSEQ = #{seq}
			<if test="effectiveStartDate !=null and effectiveStartDate != ''">
				AND EFFECTIVESTARTDATE = #{effectiveStartDate}
			</if>
			<if test="effectiveEndDate !=null and effectiveEndDate != ''">
				AND EFFECTIVEENDDATE = #{effectiveEndDate}
			</if>
			<if test="isLast !=null and isLast != ''">
				AND ISLAST = '1'
			</if>
     </select>
     <select id="selectExtendParticipantFieldDesc" resultType="map">
			SELECT 
			<include refid="genericColumns">
			</include>
			FROM CE_EXTENDFIELDDESC WHERE TABLENAME = 'CE_PARTICIPANT_AGY'
    </select>
    
     <select id="selectExtendPositionFieldValue" parameterType="com.aia.glory.model.request.EntityRequest" resultType="map">
			SELECT 
			<include refid="genericColumns">
			</include>		
			FROM CE_POSITION 
			WHERE PARTICIPANTSEQ = #{seq}
			<if test="effectiveStartDate !=null and effectiveStartDate != ''">
				AND EFFECTIVESTARTDATE = #{effectiveStartDate}
			</if>
			<if test="effectiveEndDate !=null and effectiveEndDate != ''">
				AND EFFECTIVEENDDATE = #{effectiveEndDate}
			</if>
			<if test="isLast !=null and isLast != ''">
				AND ISLAST = '1'
			</if>
    </select>    
    <select id="selectExtendPositionFieldDesc" resultType="map">
    	    SELECT 
			<include refid="genericColumns">
			</include>
			FROM CE_EXTENDFIELDDESC WHERE TABLENAME = 'CE_POSITION_AGY'
    </select>   
           
    <insert id="insertEntityParticipant">
        INSERT INTO CE_PARTICIPANT(
        	PARTICIPANTSEQ,
        	ISLAST,
        	EFFECTIVESTARTDATE,
        	EFFECTIVEENDDATE,
        	VERSION_LOG,
        	CREATEDATE,
        	REMOVEDATE,
        	NAME,
        	LASTNAME,
        	AGENT_STATUS,
        	POSTAL_CODE,
        	RESIDENTIAL_ADDRESS,
        	AGENT_TELEPHONE,
        	<if test='genericFieldMap != null and genericFieldMap.size() > 0'>
        	<foreach collection='genericFieldMap.keys' item='key'>
        		${key},
        	</foreach>
        	</if>
        	RECORDTYPE
        	)
        VALUES
          (
          #{entityModel.participantModel.versionModel.seq},
          #{entityModel.participantModel.versionModel.isLast},
          #{entityModel.participantModel.versionModel.effectiveStartDate},
          #{entityModel.participantModel.versionModel.effectiveEndDate},
          #{entityModel.participantModel.versionModel.versionLog},
          GETDATE(),
          #{entityModel.participantModel.versionModel.removeDate},
          #{entityModel.participantModel.agentCode},
          #{entityModel.participantModel.lastName},
		  #{entityModel.participantModel.agentStatus},
		  #{entityModel.participantModel.postalCode},
		  #{entityModel.participantModel.residentialAddress},
		  #{entityModel.participantModel.agentTelephone},
		    <if test='genericFieldMap != null and genericFieldMap.size() > 0'>
        	<foreach collection='genericFieldMap.keys' item='key'>
        		#{genericFieldMap[${key}]},
        	</foreach>
        	</if>
		  'AGY'
		  )
    </insert>
    
    <insert id="insertEntityPosition" parameterType="com.aia.glory.channeladminservice.model.EntityModel">
        INSERT INTO CE_POSITION(
        	POSITIONSEQ,
        	PARTICIPANTSEQ,
        	ISLAST,
        	EFFECTIVESTARTDATE,
        	EFFECTIVEENDDATE,
        	CREATEDATE,
        	REMOVEDATE,
        	NAME,
 
        	TITLESEQ,
        	ENTITLE_TYPE,
        	ManagerAgency,
        	MANAGERSEQ,
        	LeaderCode,
        	BUSINESSUNITMAP,
        	PROCESSUNITMAP,
        	<if test='genericFieldMap != null and genericFieldMap.size() > 0'>
        	<foreach collection='genericFieldMap.keys' item='key'>
        		${key},
        	</foreach>
        	</if>
        	RECORDTYPE
        	)
        VALUES
          (
          #{entityModel.positionModel.positionSeq},
          #{entityModel.participantModel.versionModel.seq},
          #{entityModel.participantModel.versionModel.isLast},
          #{entityModel.participantModel.versionModel.effectiveStartDate},
          #{entityModel.participantModel.versionModel.effectiveEndDate},
          GETDATE(),
          #{entityModel.participantModel.versionModel.removeDate},       
          #{entityModel.participantModel.agentCode},

		  #{entityModel.positionModel.title},
		  #{entityModel.positionModel.entityType},
		  #{entityModel.positionModel.managerAgency},
		  #{entityModel.positionModel.managerSeq},
		  #{entityModel.positionModel.leaderCode},
		  #{entityModel.positionModel.businessUnit},
		  #{entityModel.positionModel.companyCode},
		  <if test='genericFieldMap != null and genericFieldMap.size() > 0'>
        	<foreach collection='genericFieldMap.keys' item='key'>
        		#{genericFieldMap[${key}]},
        	</foreach>
           </if>
		  'AGY'
		  )
    </insert>
    
    <update id="updateParticipantVersion" parameterType="com.aia.glory.model.request.VersionUpdateRequest">
    	UPDATE CE_PARTICIPANT
    	<set>
    		<if test="versionModel.effectiveEndDate!=null and versionModel.effectiveEndDate !='' ">
    			EFFECTIVEENDDATE=#{versionModel.effectiveEndDate},
    		</if>
	        <if test="versionModel.removeDate!=null and versionModel.removeDate !='' ">
    			REMOVEDATE=#{versionModel.removeDate},
    		</if>  		
    		<if test="versionModel.isLast!=null and versionModel.isLast !='' ">
    			ISLAST=#{versionModel.isLast},
    		</if>
    		<if test="versionModel.versionLog!=null and versionModel.versionLog !='' ">
    			VERSION_LOG=#{versionModel.versionLog}
    		</if>
    	</set>
    	WHERE PARTICIPANTSEQ=#{versionRequest.seq}
    	AND EFFECTIVESTARTDATE = #{versionRequest.effectiveStartDate}
    	AND EFFECTIVEENDDATE = #{versionRequest.effectiveEndDate}
    </update>
    
    <update id="updatePositionVersion" parameterType="com.aia.glory.model.request.VersionUpdateRequest">
    	UPDATE CE_POSITION
    	<set>
    		<if test="versionModel.effectiveEndDate!=null and versionModel.effectiveEndDate !='' ">
    			EFFECTIVEENDDATE=#{versionModel.effectiveEndDate},
    		</if>
	        <if test="versionModel.removeDate and versionModel.removeDate !='' ">
    			REMOVEDATE=#{versionModel.removeDate},
    		</if>  		
    		<if test="versionModel.isLast!=null and versionModel.isLast !='' ">
    			ISLAST=#{versionModel.isLast}
    		</if>		    			
    	</set>
    	WHERE PARTICIPANTSEQ=#{versionRequest.seq}
    	AND EFFECTIVESTARTDATE = #{versionRequest.effectiveStartDate}
    	AND EFFECTIVEENDDATE = #{versionRequest.effectiveEndDate}
    </update>
</mapper>