<?xml version="1.0" encoding="UTF-8" ?>
<!DOCTYPE mapper PUBLIC "-//mybatis.org//DTD Mapper 3.0//EN" "http://mybatis.org/dtd/mybatis-3-mapper.dtd">

<mapper namespace="com.aia.glory.channeladminservice.dao.PositionRelationDao">    
             
    <resultMap type="com.aia.glory.channeladminservice.model.PositionRelationTypeModel" id="PositionRelationTypeResultMap">
        <result column="DATATYPESEQ" property="dataTypeSeq"  />
     	<result column="CREATEDATE" property="createDate"  />
        <result column="REMOVEDATE" property="removeDate"  />
       	<result column="NAME" property="name"  />
       	<result column="DESCRIPTION" property="description"  />
       	<result column="ACTIVE" property="active"  />
       	<collection property="positionRelationModel" select="selectPositionRelation" fetchType="lazy"
     			javaType="java.util.ArrayList" column="{seq=DATATYPESEQ">
     	</collection> 
    </resultMap>
    
    <resultMap type="com.aia.glory.channeladminservice.model.PositionRelationModel" id="PositionRelationResultMap">
     	<result column="POSITIONRELATIONSEQ" property="positionRelationSeq"  />
     	<result column="PARENTPOSITIONSEQ" property="parentpositionSeq"  />
     	<result column="CHILDPOSITIONSEQ" property="childpositionSeq"  />
     	<result column="POSITIONRELATIONTYPESEQ" property="positionRelationTypeSeq"  />
     	<result column="EFFECTIVESTARTDATE" property="effectiveStartDate"  />
     	<result column="EFFECTIVEENDDATE"  property="effectiveEndDate"  />
     	<result column="CREATEDATE" property="createDate"  />
     	<result column="REMOVEDATE"  property="removeDate"  />
     	
     	<association property="parentModel" column="{seq=PARENTPOSITIONSEQ,isLast=relatedIsLast,nodeType=nodeType}" 
     	select="com.aia.glory.channeladminservice.dao.PositionNodeDao.selectPositionNodeModel" fetchType="lazy"/>
    	<association property="childModel" column="{seq=CHILDPOSITIONSEQ,isLast=relatedIsLast,nodeType=nodeType}" 
    	select="com.aia.glory.channeladminservice.dao.PositionNodeDao.selectPositionNodeModel" fetchType="lazy"/>
    </resultMap>
     
    <sql id="positionRelationTypeColumns">
  		POT.DATATYPESEQ,
		POT.CREATEDATE,
		POT.REMOVEDATE,
		POT.NAME,
		POT.DESCRIPTION,
		POT.ACTIVE
    </sql>
    
    <sql id="positionRelationTypeCondition">
    	FROM CE_POSITIONRELATIONTYPE POT
		WHERE 1=1
		<if test="seq !=null and seq != ''">
			AND POT.DATATYPESEQ = #{seq}
		</if>
	    <if test="typeNameEqual !=null and typeNameEqual != ''">
			AND POT.NAME = #{typeNameEqual}
		</if>
		<if test="typeName !=null and typeName != ''">
			AND POT.NAME LIKE CONCAT('%', #{typeName},'%')
		</if>
		<if test="description !=null and description != ''">
			AND POT.DESCRIPTION LIKE CONCAT('%', #{description},'%')
		</if>
		<if test="active !=null and active != ''">
			AND POT.ACTIVE = #{active}
		</if>
    </sql>
    
    <select id="selectPositionRelationType" parameterType="com.aia.glory.model.request.PositionRelationRequest" resultMap="PositionRelationTypeResultMap">
			SELECT TOP ${pageSize}
			POSTYPE.*
			FROM 
			   (SELECT ROW_NUMBER() OVER( ORDER BY POT.DATATYPESEQ) AS RowNumber, 
				<include refid="positionRelationTypeColumns">
				</include>
				<include refid="positionRelationTypeCondition">
				</include>
				) AS POSTYPE
			WHERE POSTYPE.RowNumber > (${pageSize}*(${startPage}-1)) 
    </select>
            
    <select id="selectPositionRelationTypeTotal" parameterType="com.aia.glory.model.request.PositionRelationRequest" resultType="java.lang.Integer">
			SELECT COUNT(1)
			<include refid="positionRelationTypeCondition">
			</include>
    </select>
    
    <select id="selectPositionRelation"  resultMap="PositionRelationResultMap">
			SELECT 
				  POR.POSITIONRELATIONSEQ,
			      POR.PARENTPOSITIONSEQ,
			      POR.CHILDPOSITIONSEQ,
			      POR.POSITIONRELATIONTYPESEQ,
			      POR.EFFECTIVESTARTDATE,
			      POR.EFFECTIVEENDDATE,
			      POR.CREATEDATE,
			      POR.REMOVEDATE,
			      relatedIsLast='1',
				  nodeType='SELF'
			FROM CE_POSITIONRELATION POR
			WHERE POR.POSITIONRELATIONTYPESEQ = #{seq}
    </select>
    
    <insert id="insertPositionRelationType" parameterType="com.aia.glory.channeladminservice.model.PositionRelationTypeModel">
        <selectKey keyProperty="dataTypeSeq" order="BEFORE" resultType="java.lang.String">
            SELECT NEXT VALUE FOR CE_POSITIONRELATIONTYPE_SEQ
        </selectKey>    
        INSERT INTO CE_POSITIONRELATIONTYPE(
	  		DATATYPESEQ,
			CREATEDATE,
			REMOVEDATE,
			NAME,
			DESCRIPTION,
			ACTIVE
        	)
        VALUES
          (
          #{dataTypeSeq},
          GETDATE(),
          #{removeDate},
          #{name},
          #{description},
          #{active}
		  )
    </insert>
    
    <insert id="insertPositionRelation" parameterType="com.aia.glory.channeladminservice.model.PositionRelationModel">
        <selectKey keyProperty="positionRelationSeq" order="BEFORE" resultType="java.lang.String">
            SELECT NEXT VALUE FOR CE_POSITIONRELATION_SEQ
        </selectKey>  
        INSERT INTO CE_POSITIONRELATION(
			  POSITIONRELATIONSEQ,
		      PARENTPOSITIONSEQ,
		      CHILDPOSITIONSEQ,
		      POSITIONRELATIONTYPESEQ,
		      EFFECTIVESTARTDATE,
		      EFFECTIVEENDDATE,
		      CREATEDATE,
		      REMOVEDATE,
		      ISLAST
        	)
        VALUES
          (
	          #{positionRelationSeq},
	          #{parentpositionSeq},
	          #{childpositionSeq},
	          #{positionRelationTypeSeq},
	          #{effectiveStartDate},
	          #{effectiveEndDate},
	          GETDATE(),
	          #{removeDate},
	          '1'
		  )
    </insert>
    
    <update id="updatePositionRelationType" parameterType="com.aia.glory.channeladminservice.model.PositionRelationTypeModel">
    	UPDATE CE_POSITIONRELATIONTYPE
    	<set>
    		<if test="removeDate!=null and removeDate !='' ">
    			REMOVEDATE=#{removeDate},
    		</if>
    		<if test="description !=null and description !='' ">
    			DESCRIPTION=#{description},
    		</if> 		
    		<if test="name !=null and name !='' ">
    			NAME=#{name},
    		</if>
    		<if test="active !=null and active !='' ">
    			ACTIVE=#{active}
    		</if>
    	</set>
    	WHERE DATATYPESEQ=#{dataTypeSeq}
    </update>
    
    <delete id="deletePositionRelation" parameterType="com.aia.glory.channeladminservice.model.PositionRelationTypeModel">
        DELETE FROM CE_POSITIONRELATION WHERE POSITIONRELATIONTYPESEQ =#{dataTypeSeq}
    </delete>
</mapper>