<?xml version="1.0" encoding="UTF-8" ?>
<!DOCTYPE mapper PUBLIC "-//mybatis.org//DTD Mapper 3.0//EN" "http://mybatis.org/dtd/mybatis-3-mapper.dtd">

<mapper namespace="com.aia.glory.channeladminservice.dao.PositionNodeDao">    
             
    <resultMap type="com.aia.glory.channeladminservice.model.PositionNodeModel" id="PositionResultMap">
        <result column="POSITIONSEQ" property="versionModel.seq"  />
     	<result column="ISLAST" property="versionModel.isLast"  />
        <result column="EFFECTIVESTARTDATE" property="versionModel.effectiveStartDate"  />
       	<result column="EFFECTIVEENDDATE" property="versionModel.effectiveEndDate"  />
       	<result column="CREATEDATE" property="versionModel.createDate"  />
       	<result column="REMOVEDATE" property="versionModel.removeDate"  />
       	<result column="RECORDTYPE" property="recordType"  />
     	<result column="NAME" property="code"  />
     	<result column="PARTICIPANTSEQ" property="participantSeq"  />
     	<!--result column="TITLESEQ" property="title"  /-->
     	<result column="TITNAME" property="title"  />
     	<result column="ENTITLE_TYPE" property="entityType"  />
     	<result column="FIRSTNAME" property="firstName"  />
        <result column="MIDDLENAME" property="middleName"  />
       	<result column="LASTNAME" property="lastName"  />
     	<result column="LeaderCode" property="leaderCode"  />
     	<result column="LeaderTitle" property="leaderTitle"  />
     	<result column="ManagerAgency" property="managerAgencyCode"  />
     	<result column="ManagerAgency" property="managerAgencyCode"  />
    </resultMap>
    
    <resultMap type="com.aia.glory.channeladminservice.model.PositionNodeModel" extends="PositionResultMap" id="PositionResultWithParentMap" >
		<association property="managerAgencyNodeModel" column="{seq=MANAGERSEQAsso,isLast=ManagerIsLast}" 
		select="selectPositionNodeModelWithParent" fetchType="lazy"/>
    </resultMap>
    
    <resultMap type="com.aia.glory.channeladminservice.model.PositionNodeModel" extends="PositionResultMap" id="PositionResultWithChildMap" >
		<collection property="childNodeModel" select="selectPositionNodeModelWithChild" fetchType="lazy"
     			javaType="java.util.ArrayList" column="{managerSeq=POSITIONSEQ,isLast=ChildIsLast}">
     	</collection> 
    </resultMap>
     
    <sql id="positionNodeColumns">
  		POS.POSITIONSEQ,
		POS.ISLAST,
		POS.EFFECTIVESTARTDATE,
		POS.EFFECTIVEENDDATE,
		POS.CREATEDATE,
		POS.REMOVEDATE,
		POS.PARTICIPANTSEQ,

		POS.RECORDTYPE,
		POS.NAME,
		--POS.TITLESEQ,
		TIT.NAME AS TITNAME,
		POS.ENTITLE_TYPE,
		POS.LeaderCode,
		POS.ManagerAgency,

		PART.FIRSTNAME,
		PART.MIDDLENAME,
		PART.LASTNAME,
		PART.VERSION_LOG,

		--LEAD.TITLESEQ AS LeaderTitle
		TITL.NAME AS LeaderTitle
    </sql>
    
    <sql id="positionNodeCondition">
    	FROM CE_POSITION POS LEFT JOIN CE_PARTICIPANT PART ON POS.PARTICIPANTSEQ = PART.PARTICIPANTSEQ 
		AND POS.EFFECTIVESTARTDATE=PART.EFFECTIVESTARTDATE 
		AND POS.EFFECTIVEENDDATE=PART.EFFECTIVEENDDATE
		LEFT JOIN CE_POSITION LEAD ON POS.LeaderCode = LEAD.NAME
		AND LEAD.POSITIONSEQ = (select MAX(POSITIONSEQ) FROM CE_POSITION WHERE NAME = POS.LeaderCode AND ISLAST = '1')
		AND LEAD.ISLAST = '1'
		LEFT JOIN CE_TITLE TIT ON POS.TITLESEQ = TIT.TITLESEQ
		LEFT JOIN CE_TITLE TITL ON LEAD.TITLESEQ = TITL.TITLESEQ
		WHERE 1=1
		<if test="recordType !=null and recordType != ''">
			AND POS.RECORDTYPE = #{recordType}
		</if>
		<if test="seq !=null and seq != ''">
			AND POS.POSITIONSEQ = #{seq}
		</if>
		<if test="managerSeq !=null and managerSeq != ''">
			AND POS.MANAGERSEQ = #{managerSeq}
		</if>
		<if test="isLast !=null and isLast != ''">
			AND POS.ISLAST = '1'
		</if>
	    <if test="codeEqual !=null and codeEqual != ''">
			AND POS.NAME = #{codeEqual}
		</if>
		<if test="code !=null and code != ''">
			AND POS.NAME LIKE CONCAT(#{code},'%')
		</if>
		<if test="effectiveStartDate !=null and effectiveStartDate != ''">
			AND POS.EFFECTIVESTARTDATE = #{effectiveStartDate}
		</if>
		<if test="effectiveEndDate !=null and effectiveEndDate != ''">
			AND POS.EFFECTIVEENDDATE = #{effectiveEndDate}
		</if>
    </sql>
    
    
    <select id="selectPositionNodeModel" parameterType="com.aia.glory.model.request.PositionNodeRequest" resultMap="PositionResultMap">
			SELECT TOP ${pageSize}
			POSNODE.*
			FROM 
			   (SELECT ROW_NUMBER() OVER( ORDER BY POS.POSITIONSEQ) AS RowNumber, 
				<include refid="positionNodeColumns">
				</include>
				<include refid="positionNodeCondition">
				</include>
				) AS POSNODE
			WHERE POSNODE.RowNumber > (${pageSize}*(${startPage}-1)) 
    </select>
        
    <select id="selectPositionNodeModelWithParent" parameterType="com.aia.glory.model.request.PositionNodeRequest" resultMap="PositionResultWithParentMap">
			SELECT TOP ${pageSize}
			POSNODE.*
			FROM 
			   (SELECT ROW_NUMBER() OVER( ORDER BY POS.POSITIONSEQ) AS RowNumber, 
			    ManagerIsLast='1',
			    CASE WHEN (NULLIF(POS.MANAGERSEQ,'') IS NOT NULL AND POS.MANAGERSEQ != POS.POSITIONSEQ) THEN POS.MANAGERSEQ ELSE '-99999' END AS MANAGERSEQAsso,
				<include refid="positionNodeColumns">
				</include>
				<include refid="positionNodeCondition">
				</include>
				) AS POSNODE
			WHERE POSNODE.RowNumber > (${pageSize}*(${startPage}-1)) 
    </select>
    
    <select id="selectPositionNodeModelWithChild" parameterType="com.aia.glory.model.request.PositionNodeRequest" resultMap="PositionResultWithChildMap">
			SELECT TOP ${pageSize}
			POSNODE.*
			FROM 
			   (SELECT ROW_NUMBER() OVER( ORDER BY POS.POSITIONSEQ) AS RowNumber, 
			    ChildIsLast='1',
				<include refid="positionNodeColumns">
				</include>
				<include refid="positionNodeCondition">
				</include>
				) AS POSNODE
			WHERE POSNODE.RowNumber > (${pageSize}*(${startPage}-1)) 
    </select>
    
    <select id="selectPositionNodeTotal" parameterType="com.aia.glory.model.request.PositionNodeRequest" resultType="java.lang.Integer">
			SELECT COUNT(1)
			<include refid="positionNodeCondition">
			</include>
    </select>
</mapper>